RegionID,SizeRank,RegionName,RegionType,StateName,2017-10-31,2017-11-30,2017-12-31,2018-01-31,2018-02-28,2018-03-31,2018-04-30,2018-05-31,2018-06-30,2018-07-31,2018-08-31,2018-09-30,2018-10-31,2018-11-30,2018-12-31,2019-01-31,2019-02-28,2019-03-31,2019-04-30,2019-05-31,2019-06-30,2019-07-31,2019-08-31,2019-09-30,2019-10-31,2019-11-30,2019-12-31,2020-01-31,2020-02-29,2020-03-31,2020-04-30,2020-05-31,2020-06-30,2020-07-31,2020-08-31,2020-09-30,2020-10-31,2020-11-30,2020-12-31,2021-01-31,2021-02-28,2021-03-31,2021-04-30,2021-05-31,2021-06-30,2021-07-31,2021-08-31,2021-09-30,2021-10-31,2021-11-30,2021-12-31,2022-01-31,2022-02-28,2022-03-31,2022-04-30
102001,0,United States,Country,,0.0272,0.027,0.0273,0.027,0.0268,0.0265,0.0263,0.0265,0.0263,0.0268,0.0265,0.0266,0.0266,0.0257,0.0258,0.0253,0.025,0.025,0.025,0.0251,0.0252,0.025,0.025,0.0251,0.0247,0.0245,0.0238,0.0245,0.0264,0.0259,0.0238,0.0232,0.0244,0.0251,0.0256,0.027,0.0271,0.0272,0.0273,0.0277,0.0287,0.0301,0.0322,0.0338,0.0338,0.0333,0.0326,0.0315,0.0309,0.0306,0.0302,0.0312,0.0333,0.0333,0.0333
394913,1,"New York, NY",Msa,NY,0.0333,0.0333,0.0345,0.0344,0.0333,0.034,0.0323,0.0333,0.0322,0.0322,0.0313,0.0325,0.0327,0.0323,0.0334,0.0322,0.0318,0.0314,0.0322,0.0315,0.0315,0.0309,0.0299,0.0313,0.031,0.0303,0.0298,0.0303,0.0303,0.0303,0.0298,0.0296,0.0298,0.0312,0.0315,0.0333,0.0333,0.0333,0.0322,0.0323,0.0335,0.0333,0.0352,0.0357,0.0357,0.0362,0.0357,0.0357,0.0353,0.0345,0.0344,0.0351,0.0387,0.0396,0.0369
753899,2,"Los Angeles-Long Beach-Anaheim, CA",Msa,CA,0.0238,0.0239,0.0233,0.0241,0.0239,0.0251,0.0245,0.0242,0.0239,0.024,0.0234,0.0237,0.0244,0.0235,0.0232,0.0233,0.0228,0.0232,0.0235,0.0235,0.0233,0.0235,0.0231,0.023,0.0238,0.0232,0.0218,0.0225,,0.0266,0.0237,0.0228,0.0235,0.025,0.0256,0.0265,0.0263,0.0263,0.025,0.0275,0.0281,0.0298,0.0304,0.0322,0.0336,0.0327,0.031,0.0307,0.0307,0.0305,0.0274,0.0333,0.0335,0.0323,0.034
394463,3,"Chicago, IL",Msa,IL,0.0244,0.0232,0.0232,0.0236,0.0243,0.0243,0.0243,0.0244,0.0242,0.024,0.0237,0.0235,0.0238,0.0232,0.023,0.0237,0.0232,0.0232,0.0241,0.0244,0.0237,0.0234,0.023,0.0237,0.0232,0.0226,0.0217,0.0222,0.0241,0.0235,0.023,0.0222,0.023,0.0238,0.024,0.0244,0.0246,0.0244,0.0236,0.0244,0.0253,0.0265,0.0285,0.029,0.0286,0.0282,0.0281,0.0277,0.0274,0.0273,0.0253,0.027,0.0277,0.0304,0.0298
394514,4,"Dallas-Fort Worth, TX",Msa,TX,0.0204,0.02,0.0192,0.0208,0.0222,0.0216,0.021,0.0217,0.0208,0.0208,0.0196,0.0196,0.0202,0.0196,0.0196,0.0204,0.0206,0.0204,0.0202,0.0196,0.0194,0.0196,0.02,0.0197,0.019,0.0198,0.0181,0.0188,0.0198,0.0204,0.0185,0.0181,0.0188,0.0189,0.0194,0.0192,0.0217,0.02,0.0219,0.0221,0.0222,0.0247,0.027,0.0278,0.028,0.0267,0.0261,0.0247,0.0235,0.025,0.0212,0.0257,0.0285,0.0233,0.0267
394974,5,"Philadelphia, PA",Msa,PA,0.0274,0.0274,0.0289,0.0291,0.0278,0.0277,0.0266,0.0277,0.028,0.0265,0.027,0.0275,0.0277,0.0277,0.0291,0.0293,0.0272,0.027,0.0268,0.0271,0.0263,0.0257,0.0263,0.0266,0.0265,0.0266,0.0273,0.0274,0.0285,0.0271,0.0256,0.0246,0.0263,0.027,0.0278,0.0285,0.0279,0.0277,0.0277,0.0287,0.0287,0.0307,0.0312,,0.0333,0.0333,0.0323,0.0313,0.0308,0.0311,0.0314,0.0313,0.0319,0.0344,0.0339
394692,6,"Houston, TX",Msa,TX,0.0266,0.026,0.0266,0.0265,0.0261,0.0251,0.0253,0.025,0.025,0.0255,0.025,0.0252,0.0252,0.025,0.025,0.025,0.0243,0.0236,0.0243,0.0232,0.023,0.0222,0.022,0.0217,0.0217,0.0227,0.0222,0.0222,0.024,0.0238,0.0236,0.0222,0.0222,0.0226,0.022,0.0226,0.0232,0.0235,0.0229,0.0238,0.0235,0.025,0.0259,0.0279,0.0285,0.027,0.0268,0.0245,0.0235,0.0227,0.0222,0.0235,0.0257,0.0259,0.0274
395209,7,"Washington, DC",Msa,DC,0.0235,0.0234,0.0238,0.025,0.0244,0.0234,0.0222,0.0231,0.0225,0.0222,0.0217,0.0227,0.0235,0.0241,0.0246,0.0244,0.0243,0.0238,0.0231,0.0232,0.0227,0.022,0.0218,0.0223,0.0227,0.0222,0.0227,0.0245,0.0255,0.0246,0.0227,0.0217,0.0224,0.0244,0.0241,0.0244,0.0238,0.0235,0.0247,0.0243,0.0257,0.026,0.0283,0.0286,0.0281,0.0268,0.0259,0.025,0.0246,0.0253,0.0255,0.027,0.0264,0.0285,0.0291
394856,8,"Miami-Fort Lauderdale, FL",Msa,FL,0.0286,0.0285,0.0286,0.0299,0.0291,0.0294,0.0285,0.0273,0.0262,0.0263,0.0256,0.0258,0.0262,0.0271,0.0277,0.0277,0.0277,0.0271,0.0269,0.0262,0.0257,0.0255,0.025,0.0256,0.0253,0.0263,0.0265,0.0275,0.03,0.0285,0.0266,0.0251,0.0267,0.0261,0.0263,0.0277,0.027,0.0275,0.0281,0.0303,0.0294,0.03,0.0312,0.0323,0.0333,0.0313,0.0315,0.031,0.0307,0.0302,0.0312,0.0333,0.0359,0.035,0.0349
394347,9,"Atlanta, GA",Msa,GA,0.0236,0.024,0.0208,0.024,0.0232,0.0229,0.0225,0.0224,0.0229,0.0231,0.0224,0.0225,0.0226,0.0211,0.0204,0.0204,0.0207,0.0204,0.02,0.0201,0.0208,0.02,0.02,0.0192,0.0196,0.0189,0.0194,0.0201,0.021,0.0222,0.0217,0.0204,0.0202,0.0209,0.0208,0.0225,0.0233,0.0228,0.0224,0.0222,0.0226,0.025,0.0266,0.0272,0.0294,0.0294,0.0294,0.0263,0.0256,0.024,0.0219,0.0217,0.0263,0.0253,0.0282
394404,10,"Boston, MA",Msa,MA,0.0286,0.0274,0.0273,0.0272,0.0271,0.0289,0.0302,0.0294,0.0285,0.0282,0.0277,0.0282,0.0284,0.0266,0.0265,0.0265,0.0253,0.0275,0.0282,0.0277,0.0275,0.0271,0.0266,0.0281,0.0267,0.0257,0.0233,0.0259,0.0262,0.0277,0.0263,0.0263,0.0278,0.0293,0.0283,0.03,0.0293,0.0279,0.0277,0.0272,0.0267,0.0285,0.0322,0.033,0.0338,0.036,0.0333,0.034,0.0316,0.0327,0.0279,0.0312,0.0333,0.0333,0.035
395057,11,"San Francisco, CA",Msa,CA,0.0339,0.0331,0.0294,0.0277,0.0355,0.0365,0.036,0.0403,0.0377,0.034,0.0329,0.0339,0.0345,0.0324,0.0322,0.0293,0.0286,0.0291,0.0308,0.0302,0.0291,0.0266,0.026,0.029,0.0317,0.031,0.0232,0.0255,0.0313,0.0333,0.0281,0.0304,0.0327,0.0333,0.0361,0.0357,0.0372,0.0355,0.0319,0.0353,0.04,0.0377,0.04,0.0411,0.0444,0.0393,0.0384,0.0382,0.0394,0.034,0.0345,0.0385,0.038,0.0408,0.0408
394532,12,"Detroit, MI",Msa,MI,0.0313,0.0327,0.0345,0.0333,0.0344,0.0312,0.0312,0.0312,0.0317,0.0317,0.0307,0.0303,0.0311,0.0312,0.0318,0.0311,0.0303,0.0298,0.0294,0.0294,0.0294,0.0291,0.0294,0.0294,0.0302,0.0295,0.0303,0.0306,0.0304,0.0294,0.0322,0.0283,0.0291,0.0288,0.0298,0.0294,0.0308,0.0309,0.0322,0.0342,0.0333,0.0336,0.0357,0.0384,0.0377,0.0377,0.0384,0.0353,0.0363,0.0366,0.037,0.04,0.0384,0.0451,0.0407
395025,13,"Riverside, CA",Msa,CA,0.0231,0.0227,0.0238,0.025,0.0239,0.0233,0.0227,0.0213,0.021,0.0213,0.021,0.021,0.0222,0.0222,0.0227,0.0223,0.022,0.0218,0.0219,0.0208,0.0204,0.02,0.02,0.0192,0.0191,0.0194,0.0208,0.0215,0.0234,0.0235,0.0224,0.0208,0.0211,0.0222,0.0222,0.0244,0.024,0.0254,0.0244,0.0263,0.026,0.0295,0.0308,0.0334,0.0303,0.0303,0.0293,0.0278,0.025,0.0243,0.0241,0.0259,0.028,0.0268,0.0294
394976,14,"Phoenix, AZ",Msa,AZ,0.0145,0.0139,0.0119,0.0151,0.0158,0.0158,0.0152,0.0142,0.0141,0.0138,0.0136,0.0137,0.0143,0.0128,0.0108,0.0131,0.0133,0.0142,0.014,0.0134,0.0131,0.0133,0.0135,0.0144,0.014,0.0133,0.0135,0.0147,0.0175,0.0182,0.0149,0.0144,0.0157,0.0158,0.0169,0.0178,0.0178,0.0178,0.0183,0.0189,0.0212,0.0227,0.0252,0.0247,0.0261,0.0238,0.0224,0.0217,0.0229,0.019,0.02,0.0184,0.02,0.0204,0.0224
395078,15,"Seattle, WA",Msa,WA,0.0285,0.0272,0.0268,0.0268,0.0291,0.0279,0.0324,0.0312,0.0297,0.0278,0.0278,0.0285,0.0291,0.0273,0.0266,0.0251,0.0256,0.0259,0.0268,0.0268,0.0268,0.026,0.025,0.026,0.0261,0.0245,0.0227,0.0245,0.025,0.0285,0.0262,0.0258,0.0256,0.0268,0.0275,0.0287,0.029,0.0294,0.0267,0.0281,0.0299,0.0318,0.0323,0.0344,0.0331,0.0322,0.0312,0.0319,0.0298,0.0296,0.0289,0.0299,0.0344,0.0384,0.0393
394865,16,"Minneapolis-St Paul, MN",Msa,MN,0.027,0.027,0.027,0.0263,0.0263,0.0266,0.0277,0.0283,0.0282,0.0277,0.0275,0.0273,0.0277,0.027,0.0253,0.0235,0.025,0.0252,0.0263,0.0258,0.0263,0.0262,0.025,0.025,0.0232,0.0217,0.0197,,0.0232,0.025,0.0248,0.0234,0.0253,0.0276,0.0277,0.0279,0.0275,0.0285,0.025,0.025,0.0265,0.0294,0.0312,0.0322,0.0329,0.0307,0.0333,0.0312,0.0303,0.0299,0.0268,0.0235,0.03,0.0265,0.0281
395056,17,"San Diego, CA",Msa,CA,0.0217,0.0208,0.0202,0.022,0.0214,0.021,0.0223,0.0219,0.0214,0.021,0.0204,0.02,0.0212,0.0215,0.02,0.02,0.0202,0.02,0.02,0.0201,0.0202,0.0202,0.0201,0.0193,0.0204,0.0199,0.0188,0.0201,0.0222,0.0222,0.0196,0.0201,0.0189,0.0215,0.0224,0.0247,0.023,0.0233,0.0192,0.0231,0.0303,0.0285,0.0309,0.0322,0.0298,0.0283,0.0297,0.0267,0.0277,0.0274,0.0251,0.0283,0.0352,0.0357,0.0342
395121,18,"St. Louis, MO",Msa,MO,0.0286,0.0284,0.0291,0.0285,0.0285,0.0275,0.0268,0.0268,0.0274,0.0284,0.0272,0.027,0.0277,0.0277,0.0285,0.027,0.0263,0.0266,0.0276,0.027,0.0277,0.0277,0.0287,0.0281,0.0277,0.0288,0.0303,0.0272,0.0275,0.03,0.0277,0.0266,0.0289,0.0285,0.0298,0.0297,0.0302,0.0302,0.0309,0.0303,0.0337,0.0357,0.0385,,0.038,0.0384,0.0371,0.0353,0.0357,0.037,0.0357,0.039,0.0384,0.0416,0.04
395148,19,"Tampa, FL",Msa,FL,0.0208,0.0209,0.0205,0.022,0.0222,0.0217,0.0211,0.0218,0.0217,0.0222,0.0212,0.0211,0.0212,0.0213,0.0207,0.0212,0.021,0.0213,0.0209,0.0204,0.0196,0.0196,0.0207,0.02,0.02,0.0208,0.02,0.0197,0.021,0.0208,0.0205,0.0181,0.0185,0.0192,0.0192,0.0198,0.0211,0.0204,0.0217,0.0217,,0.0257,,,0.0291,0.0268,0.0263,0.0231,0.0245,0.0225,0.0208,0.0266,0.0288,0.0307,0.0305
394358,20,"Baltimore, MD",Msa,MD,0.0277,0.0285,0.0282,0.027,0.0253,0.027,0.026,0.0263,0.0258,0.0253,0.0257,0.0263,0.0266,0.027,0.0272,0.027,0.027,0.0266,0.0267,0.0263,0.0263,0.0258,0.0259,0.0263,0.0263,0.0263,0.0258,0.0255,0.0263,0.027,0.0266,0.0251,0.0254,0.0259,0.027,0.0291,0.0285,0.0288,0.03,0.0295,0.0312,0.0314,0.0334,0.0346,0.0333,0.0322,0.03,0.0306,0.0303,0.0317,0.0303,0.0308,0.0326,0.0344,0.0322
394530,21,"Denver, CO",Msa,CO,0.0208,0.0204,0.0209,0.021,0.0206,0.0215,0.021,0.0212,0.021,0.021,0.0208,0.0208,0.0208,0.0193,0.0175,0.0183,0.019,0.0192,0.0189,0.019,0.0187,0.0185,0.0185,0.0184,0.0172,0.0175,0.0161,0.0166,0.0184,0.02,0.018,0.0181,0.0187,0.019,0.0188,0.0201,0.0207,0.0202,0.0194,0.0207,0.0248,0.0239,,0.0295,0.0272,0.0249,0.0255,0.0247,0.024,0.0204,0.0181,0.02,0.0252,0.0228,0.0266
394982,22,"Pittsburgh, PA",Msa,PA,0.0326,0.033,0.0344,0.0332,0.0333,0.0333,0.0341,0.0333,0.0329,0.0333,0.0344,0.0338,0.0351,0.0342,0.037,0.0351,0.0316,0.0312,0.0325,0.0333,0.0322,0.0326,0.0333,0.0322,0.0317,0.0333,0.0333,0.0322,0.0334,0.0328,0.0379,0.0312,0.0307,0.0326,0.0324,0.0333,0.0333,0.0315,0.0333,0.0357,0.0337,0.0375,0.04,0.0391,0.04,0.0404,0.04,0.0384,0.0384,0.04,0.0402,0.0401,0.04,0.0435,0.0435
394998,23,"Portland, OR",Msa,OR,0.0243,0.0235,0.0224,0.0223,0.0252,0.0237,0.024,0.0238,0.0245,0.025,0.0243,0.0253,0.0248,0.0232,0.0215,0.0229,0.0227,0.0227,0.0238,0.0229,0.0229,0.0227,0.0213,0.0226,0.0212,0.0203,0.0185,0.02,0.0203,0.0234,0.0222,0.0214,0.0218,0.0242,0.0239,0.025,0.0253,0.0243,0.0251,0.0254,0.0267,0.0278,0.0315,0.0322,0.0303,0.0291,0.0285,0.0273,0.0259,0.0263,0.0237,0.0227,0.0232,0.0285,0.0285
394458,24,"Charlotte, NC",Msa,NC,0.0233,0.0219,0.0222,0.0222,0.023,0.0233,0.022,0.0222,0.0222,0.0222,0.0217,0.0222,0.0228,0.0193,0.0172,0.0185,0.019,0.0196,0.0192,0.0196,0.0196,0.0186,0.0181,0.0178,0.0178,0.0163,0.0161,0.0166,0.0189,0.0196,0.0181,0.0186,0.02,0.02,0.0222,0.0221,0.0216,0.0217,0.0228,0.0203,0.0251,0.026,0.0294,0.0292,0.0292,0.0273,0.0298,0.0264,0.025,0.0255,0.0206,0.0257,0.0302,0.0285,0.0285
395045,25,"Sacramento, CA",Msa,CA,0.023,0.0221,0.0212,0.0229,0.0227,0.0224,0.0217,0.023,0.0224,0.0232,0.0235,0.0235,0.0227,0.0238,0.022,0.0203,0.019,0.0205,0.0212,0.021,0.0222,0.022,0.0207,0.0212,0.0204,0.02,0.02,0.0192,0.0217,0.0227,0.0212,0.0202,0.0204,0.0212,0.0224,0.024,0.0254,0.0251,0.0249,0.0266,0.0283,0.0291,0.0323,0.0357,0.036,0.0347,0.0302,0.0275,0.0291,0.0277,0.0236,0.021,0.025,0.0269,0.0264
395055,26,"San Antonio, TX",Msa,TX,0.0218,0.0218,0.0209,0.0202,0.0208,0.0203,0.0207,0.0202,0.02,0.0214,0.0212,0.0201,0.0189,0.0178,0.0188,0.0178,0.0176,0.0178,0.0188,0.0192,0.019,0.02,0.0196,0.0196,0.0181,0.0189,0.0185,0.0181,0.019,0.02,0.0195,0.0182,0.0185,0.0182,0.0192,0.0187,0.0192,0.021,0.0188,0.017,0.0182,0.0189,,,,,0.0283,0.0228,0.0223,0.0202,0.0181,0.0168,0.0223,0.0196,0.0236
394943,27,"Orlando, FL",Msa,FL,0.0229,0.0222,0.0222,0.0215,0.0222,0.0217,0.0222,0.0212,0.0215,0.0213,0.0197,0.0201,0.021,0.02,0.02,0.02,0.0208,0.02,0.0196,0.0197,0.02,0.0197,0.0208,0.02,0.02,0.0188,0.0181,0.0185,0.0206,0.0222,0.0205,0.0185,0.0196,0.0185,0.0194,0.0196,0.02,0.0205,0.02,0.0208,0.0222,0.0237,0.0265,0.0275,0.0269,0.0271,0.0277,0.0243,0.0217,0.0245,0.0224,0.0245,0.026,0.0225,0.0284
394466,28,"Cincinnati, OH",Msa,OH,0.03,0.0298,0.0322,0.0312,0.0308,0.0279,0.0289,0.0285,0.0294,0.0291,0.0293,0.0303,0.0294,0.0294,0.0294,0.0277,0.0282,0.0285,0.0286,0.0285,0.0285,0.0277,0.0281,0.0277,0.0284,0.0306,0.0298,0.027,0.0282,0.0288,0.0277,0.0266,0.0268,0.0298,0.0292,0.0322,0.0303,0.0294,0.0307,0.0312,0.0286,0.0283,0.034,0.0352,0.0357,0.0377,0.0357,0.036,0.0341,0.0334,0.0353,0.0314,0.0355,0.0372,0.037
394475,29,"Cleveland, OH",Msa,OH,0.0351,0.0374,0.0372,0.037,0.0375,0.0345,0.0326,0.034,0.0335,0.0349,0.0345,0.0351,0.0351,0.035,0.0347,0.0357,0.0345,0.0333,0.0342,0.0344,0.0346,0.0342,0.0344,0.0333,0.034,0.0334,0.0353,0.0357,0.037,0.035,0.035,0.0334,0.0323,0.0333,0.0333,0.034,0.0338,0.0357,0.0352,0.0382,0.0376,0.0374,0.04,,0.0419,0.0444,0.0434,0.0413,0.0407,0.0379,0.0422,0.0407,0.04,0.0439,0.0454
394735,30,"Kansas City, MO",Msa,MO,0.0272,0.0259,0.0267,0.0265,0.0246,0.0274,0.0266,0.027,0.0275,0.0266,0.0263,0.027,0.0253,0.0272,0.0277,0.0263,0.0266,0.025,0.025,0.025,0.025,0.0263,0.0251,0.0259,0.0253,0.0272,0.0259,0.0263,0.0263,0.0271,0.0257,0.0236,0.0238,0.0253,0.027,0.027,0.0284,0.0288,0.0303,0.03,0.0344,0.0334,,0.0349,0.0379,0.0358,0.0336,0.0356,0.0327,0.0312,0.034,0.0384,0.035,0.037,0.0352
394775,31,"Las Vegas, NV",Msa,NV,0.0204,0.02,0.0198,0.0188,0.02,0.0202,0.0194,0.0193,0.0193,0.0185,0.0188,0.0185,0.0175,0.0153,0.0144,0.0144,0.0144,0.0156,0.0161,0.0155,0.0163,0.0166,0.0164,0.0166,0.0164,0.0156,0.0142,0.0142,0.0183,0.019,0.0175,0.0158,0.0158,0.0166,0.0166,0.0175,0.0163,0.0161,0.0175,0.0165,0.0185,0.0211,0.0202,0.0244,0.0237,0.0244,0.0235,0.0215,0.0203,0.02,0.018,0.018,0.0226,0.0214,0.0214
394492,32,"Columbus, OH",Msa,OH,0.0236,0.0232,0.0225,0.0222,0.0245,0.025,0.0253,0.0241,0.025,0.025,0.0229,0.0236,0.0232,0.0228,0.024,0.0231,0.0229,0.0212,0.0233,0.0225,0.0232,0.023,0.0226,0.0228,0.0222,0.0205,0.0213,0.0233,0.0233,0.021,0.0232,0.02,0.0212,0.0217,0.0248,0.0245,0.0252,0.0244,0.0241,0.0233,0.0268,0.027,0.0286,0.0254,0.0287,0.0288,0.0285,0.0298,0.0285,0.0285,0.0238,0.0304,0.027,0.0384,0.0323
394705,33,"Indianapolis, IN",Msa,IN,0.025,0.0236,0.0244,0.0245,0.0236,0.0238,0.0229,0.024,0.025,0.0252,0.0251,0.0263,0.025,0.0243,0.0248,0.0238,0.0234,0.0235,0.0244,0.0253,0.0227,0.0238,0.0228,0.0232,0.0225,0.0228,0.0222,0.0212,0.0217,0.0256,0.0222,0.0217,0.0222,0.0215,0.0238,0.0233,0.0252,0.0258,0.025,0.0266,0.0258,0.0289,0.0308,0.0313,0.0345,0.0333,0.0322,0.0315,0.0308,0.0297,0.0279,0.0312,0.0306,0.0333,0.0339
395059,34,"San Jose, CA",Msa,CA,0.0347,0.0221,0.0247,0.0419,0.0435,0.0396,0.0404,0.044,0.0442,0.0385,0.0385,0.0396,0.04,0.0346,0.0322,0.0299,0.0289,0.0322,0.0351,0.0345,0.0333,0.0322,0.0312,0.0312,0.034,0.0318,0.0266,0.0289,0.0271,0.0357,0.0318,0.0315,0.0315,0.0333,0.0337,0.0336,0.0341,0.0357,0.0333,0.0296,0.0394,0.0398,0.0391,0.0394,0.0416,0.0432,0.0357,0.0307,0.0349,0.0317,0.0285,0.0334,0.041,0.0498,0.0501
394355,35,"Austin, TX",Msa,TX,0.02,0.0203,0.0181,0.0191,0.0211,0.0196,0.0196,0.0183,0.0194,0.0204,0.0191,0.0201,0.0192,0.0191,0.0175,0.0169,0.0178,0.0179,0.0169,0.0178,0.0181,0.0189,0.0185,0.0188,0.0166,0.0166,0.016,0.016,0.0177,0.0198,0.0181,0.0174,0.017,0.0185,0.0202,0.0201,0.0188,0.0204,0.0217,0.0236,,,,,0.037,0.0315,0.0309,0.0269,0.0294,0.0254,0.0265,0.0227,0.0256,0.0275,0.0256
395194,36,"Virginia Beach, VA",Msa,VA,0.0222,0.0226,0.0217,0.0226,0.0222,0.0212,0.0212,0.0212,0.0217,0.0217,0.0208,0.0211,0.0212,0.0212,0.0207,0.0205,0.0207,0.0204,0.0206,0.0209,0.0212,0.0208,0.02,0.0192,0.018,0.0169,0.0158,0.0174,0.02,0.0181,0.0166,0.0156,0.017,0.0181,0.0206,0.0204,0.0208,0.02,0.02,0.0233,0.0235,0.025,0.0265,0.0275,0.0269,0.0243,0.0237,0.0223,0.0217,0.0208,0.0221,0.0231,0.0226,0.024,0.0258
394902,37,"Nashville, TN",Msa,TN,0.0224,0.0203,0.0209,0.0208,0.021,0.0193,0.0204,0.0222,0.0212,0.021,0.0208,0.0212,0.0196,0.0184,0.0181,0.0178,0.0177,0.0184,0.0188,0.0186,0.0196,0.0192,0.0185,0.0188,0.0188,0.0178,0.0162,0.018,0.0208,0.0208,0.0161,0.0173,0.0188,0.0181,0.02,0.02,0.0218,0.0206,0.0227,0.0206,0.022,0.0243,0.0279,0.0257,0.0313,0.0285,0.0303,0.0249,0.025,0.0268,0.0239,0.027,0.0282,0.0339,0.0285
395005,38,"Providence, RI",Msa,RI,0.0315,0.0291,0.0304,0.0294,0.0312,0.0307,0.0294,0.0312,0.0322,0.0321,0.0309,0.0308,0.0314,0.0291,0.0285,0.027,0.0272,0.0285,0.0274,0.0294,0.0301,0.0294,0.0294,0.0294,0.0285,0.0286,0.0287,0.0263,0.0271,0.028,0.0277,0.0263,0.0287,0.0322,0.0318,0.0338,0.0333,0.0323,0.0285,0.0311,0.0357,0.0346,0.0364,0.0417,0.0434,0.0413,0.0381,0.0346,0.035,0.0322,0.033,0.0305,0.0322,0.0342,0.0379
394862,39,"Milwaukee, WI",Msa,WI,0.028,0.0277,0.0285,0.0271,0.0264,0.0273,0.0277,0.0278,0.0307,0.0285,0.0285,0.028,0.0292,0.0256,0.0273,0.0222,0.0258,0.0278,0.0269,0.0277,0.0294,0.0289,0.0303,0.0294,0.0284,0.0278,0.0276,0.0264,0.0288,0.0288,0.0277,0.0301,0.0277,0.0297,0.0285,0.0294,0.0287,0.0282,0.0294,0.0333,0.032,0.0322,0.0303,0.0352,,,,0.0322,0.0222,0.0322,0.036,0.0333,,0.027,0.04
394714,40,"Jacksonville, FL",Msa,FL,0.022,0.0204,0.0208,0.0208,0.02,0.0196,0.02,0.0196,0.02,0.02,0.02,0.0199,0.02,0.019,0.0196,0.0203,0.0199,0.0192,0.0188,0.02,0.019,0.0186,0.0182,0.018,0.0172,0.0177,0.0173,0.0164,0.0176,0.0175,0.0156,0.0158,0.0174,0.0172,0.0171,0.0192,0.019,0.0181,0.0186,0.0188,0.023,0.0262,0.0238,0.026,,0.0282,0.0278,0.0253,0.0212,0.0208,0.0187,0.0212,0.024,0.0209,0.0217
394849,41,"Memphis, TN",Msa,TN,0.025,0.0246,0.025,0.0289,0.0276,0.0257,0.0222,0.0241,0.0234,0.0223,0.0224,0.0241,0.0217,0.0226,0.0212,0.0225,0.0229,0.0225,0.025,0.0243,0.0244,0.0238,0.0238,0.0237,0.0222,0.0227,0.0226,0.0229,0.0238,0.0266,0.0234,0.0219,0.022,0.0217,0.0216,0.0245,0.0256,0.025,0.0277,0.0277,0.0313,0.0334,0.028,0.0333,0.0336,0.0319,0.0337,0.0274,0.0322,0.0342,0.0333,0.0358,0.0367,0.0432,0.0392
394935,42,"Oklahoma City, OK",Msa,OK,0.0185,0.0181,0.0185,0.0178,0.0179,0.0178,0.0175,0.0179,0.018,0.0178,0.0181,0.0189,0.0183,0.0192,0.0191,0.0185,0.0181,0.0176,0.0175,0.0175,0.0185,0.0176,0.019,0.0185,0.0184,0.0175,0.0149,0.0169,0.0181,0.0188,0.0169,0.0153,0.0169,0.0179,0.0185,0.0196,0.0206,0.0188,0.0193,0.02,0.0226,,0.0238,,0.0277,0.0274,0.026,0.0287,0.026,0.0263,0.0222,0.0282,0.0253,0.0274,0.0266
394807,43,"Louisville-Jefferson County, KY",Msa,KY,0.0272,0.0256,0.0263,0.025,0.0244,0.0228,0.025,0.0256,0.0244,0.0256,0.025,0.0253,0.0264,0.0263,0.025,0.0235,0.0238,0.0243,0.0244,0.0243,0.0241,0.024,0.0238,0.0236,0.0236,0.0241,0.022,0.0233,0.0232,0.0248,0.0235,0.0217,0.0238,0.0244,0.0263,0.0271,0.027,0.027,0.0263,0.0275,0.0282,0.0255,0.0307,0.0322,0.0322,0.0322,0.0333,0.0313,0.0303,0.028,0.0282,0.0301,0.0303,0.0308,0.0333
394669,44,"Hartford, CT",Msa,CT,0.0327,0.0311,0.0344,0.0331,0.0322,0.0315,0.0309,0.0312,0.0312,0.0312,0.0308,0.0306,0.0303,0.0303,0.031,0.0301,0.0288,0.0303,0.0294,0.0303,0.0311,0.0315,0.0314,0.0303,0.0311,0.0303,0.0314,0.0316,0.0303,0.0303,0.0294,0.0289,0.0315,0.0303,0.0317,0.0326,0.0333,0.0351,0.0311,0.0348,0.0384,0.0357,0.04,0.0415,0.0417,0.0385,0.0386,0.0384,0.0384,0.0383,0.0416,0.0416,0.0384,0.0401,0.0401
395022,45,"Richmond, VA",Msa,VA,0.0248,0.0256,0.0268,0.025,0.0242,0.0238,0.0234,0.0233,0.0238,0.0238,0.0231,0.025,0.025,0.0243,0.0232,0.0225,0.0214,0.022,0.0231,0.0224,0.0223,0.0222,0.0222,0.0214,0.0218,0.0222,0.0206,0.0222,0.0206,0.0217,0.0212,0.0212,0.02,0.0206,0.0204,0.0204,0.0233,0.0232,0.0232,0.0238,0.0231,0.0191,,,0.0289,0.0291,0.0257,0.0274,0.0266,0.0249,0.0263,0.0272,0.0278,0.0305,0.0333
394910,46,"New Orleans, LA",Msa,LA,0.0286,0.0266,0.0267,0.0306,0.0281,0.0286,0.0286,0.025,0.0277,0.0265,0.0266,0.0268,0.0277,0.0268,0.0239,0.0267,0.0281,0.0257,0.0263,0.0245,0.025,0.0259,0.0238,0.0238,0.0232,0.0251,0.0267,0.025,0.0265,0.0244,0.0206,0.0222,0.0238,0.0244,0.0259,0.0266,0.0263,0.0279,0.0273,0.0281,0.0305,0.0277,0.029,0.03,0.0322,0.0307,0.0306,0.0333,0.0277,0.028,0.0354,0.0306,0.0302,0.033,0.0358
394425,47,"Buffalo, NY",Msa,NY,0.0357,0.04,0.0385,0.0427,0.04,0.0401,0.0377,0.0375,0.037,0.0378,0.037,0.0366,0.0375,0.0377,0.0379,0.0345,0.0384,0.0373,0.0345,0.0361,0.0374,0.0371,0.037,0.037,0.038,0.0397,0.0417,0.04,0.0389,0.0385,0.0448,,0.0357,0.0359,0.0346,0.0384,0.0405,0.037,0.04,0.0417,0.0449,0.0444,0.04,0.0434,0.0435,0.0425,0.0473,0.0444,0.0445,0.0444,0.0495,0.0434,0.0408,0.0574,0.05
395012,48,"Raleigh, NC",Msa,NC,0.0198,0.02,0.0185,0.0182,0.0181,0.0196,0.0178,0.0185,0.0185,0.0184,0.0174,0.0167,0.0161,0.0151,0.012,0.0149,0.0153,0.0161,0.0172,0.0166,0.0166,0.0153,0.0158,0.0161,0.0156,0.014,0.0135,0.014,0.0158,0.0176,0.0165,0.0172,0.0176,0.0178,0.0163,0.0168,0.0178,0.0175,0.0189,0.018,0.018,0.0217,,0.028,0.0298,0.0273,0.0281,0.0266,0.0217,0.021,0.0157,0.017,0.022,0.0313,0.0277
394388,49,"Birmingham, AL",Msa,AL,0.0294,0.0294,0.0291,0.0301,0.0301,0.0291,0.0282,0.0287,0.0285,0.0279,0.0284,0.0286,0.0285,0.0303,0.0322,0.0328,0.03,0.0283,0.0276,0.0281,0.0271,0.0266,0.0258,0.025,0.0229,0.0233,0.0207,0.0234,0.0245,0.0256,0.0277,0.0242,0.0278,0.0277,0.0266,0.0285,0.0246,0.0285,0.0307,0.0304,0.0289,0.0363,0.0363,0.0344,0.0403,0.0346,0.0358,0.0395,0.0363,0.0333,0.0415,0.041,0.036,0.0384,0.04
395053,50,"Salt Lake City, UT",Msa,UT,0.0217,0.0218,0.0218,0.0209,0.0208,0.0204,0.0218,0.0217,0.0217,0.0222,0.0212,0.021,0.0204,0.0185,0.0188,0.0172,0.017,0.0185,0.0192,0.0194,0.0185,0.0191,0.0193,0.0185,0.018,0.0178,0.0164,0.0188,0.0185,0.02,0.0194,0.0192,0.0192,0.0204,0.0224,0.0208,0.023,0.0243,0.0212,0.0224,0.0275,0.0304,0.0307,0.0303,0.0271,0.0268,0.0225,0.0235,0.0238,0.0218,0.021,0.0216,0.0246,0.0245,0.0266
395031,51,"Rochester, NY",Msa,NY,0.0364,0.041,0.04,0.0381,0.0404,0.036,0.0357,0.0384,0.0368,0.0384,0.0384,0.0357,0.0375,0.04,0.0404,0.0351,0.038,0.0352,0.0384,0.0377,0.0373,0.0384,0.0384,0.0384,0.0384,0.038,0.0387,0.0363,0.0397,0.04,0.0393,0.032,0.0393,0.037,0.0416,0.0384,0.04,0.0409,0.0476,0.0429,0.051,0.0539,0.0447,0.0457,0.0454,0.0476,0.0476,0.0474,0.048,0.0498,0.044,0.0522,0.0578,0.0449,0.0555
394640,52,"Grand Rapids, MI",Msa,MI,0.0294,0.0285,0.0277,0.0277,0.0278,0.0277,0.0275,0.0294,0.0294,0.0307,0.0298,0.0285,0.0288,0.0278,0.0303,0.025,0.0256,0.0277,0.0276,0.0287,0.028,0.0291,0.0297,0.0291,0.0272,0.0261,0.026,0.025,0.0272,0.0256,0.0204,0.027,0.0266,0.0285,0.0282,0.0279,0.0303,0.0306,0.0275,0.0277,0.0275,0.0304,0.031,0.037,0.0389,0.0359,0.0355,0.0318,0.0343,0.0333,0.0282,0.0336,0.0322,0.0238,0.0361
395167,53,"Tucson, AZ",Msa,AZ,0.025,0.0235,0.0243,0.0266,0.025,0.025,0.0263,0.0256,0.0222,0.0236,0.0236,0.0227,0.0251,0.025,0.025,0.0249,0.0235,0.0232,0.0226,0.0227,0.0222,0.0218,0.0217,0.0208,0.021,0.0203,0.0204,0.0196,0.0238,0.0259,0.0217,0.0226,0.0211,0.0227,0.0205,0.0244,0.0232,0.0226,0.0224,0.0251,0.0239,0.0248,0.0261,0.0272,0.0285,0.0303,0.0283,0.0266,0.0282,0.024,0.0192,0.0196,0.0227,0.0254,0.0246
753924,54,"Urban Honolulu, HI",Msa,HI,0.0248,0.0266,0.027,0.0305,0.0298,0.0259,0.0259,0.0268,0.0249,0.0246,0.0239,0.0257,0.0263,0.0241,0.026,0.0264,0.0235,0.025,0.0253,0.0235,0.0261,0.0275,0.0272,0.0253,0.0285,0.0249,0.0271,0.0275,0.0299,0.0286,0.0256,0.0274,0.0257,0.0244,0.0294,0.0312,0.0292,0.0314,0.0281,0.0333,0.0326,0.0308,0.0333,0.0302,0.0359,0.0316,0.03,0.0357,0.0344,0.0307,0.0333,0.0342,0.0347,0.03,0.0322
395169,55,"Tulsa, OK",Msa,OK,0.0241,0.0219,0.0235,0.0227,0.0227,0.0232,0.0221,0.0215,0.0217,0.0218,0.0222,0.0218,0.0204,0.0227,0.0236,0.0226,0.0227,0.0217,0.0227,0.0208,0.0225,0.0211,0.0222,0.0236,0.0217,0.0233,0.0238,0.0232,0.0235,0.0218,0.0222,0.0204,0.0221,0.0218,0.0223,0.0213,0.0227,0.0241,0.0256,0.0253,0.0253,0.0277,,,0.0311,0.0324,0.0307,0.0307,0.0311,0.0323,0.0283,0.0377,0.0388,0.0352,0.0339
394619,56,"Fresno, CA",Msa,CA,0.0253,0.0239,0.025,0.0221,0.0244,0.0241,0.0238,0.0245,0.0227,0.0222,0.0224,0.023,0.0238,0.0221,0.0219,0.0225,0.0233,0.0222,0.0223,0.0229,0.0233,0.0222,0.0217,0.0232,0.0218,0.0208,0.0221,0.02,0.0237,0.024,0.0227,0.0199,0.0206,0.0223,0.0222,0.0277,0.0231,0.019,0.0216,0.0244,,0.0286,0.0296,0.0241,0.0258,0.0333,0.0303,0.0274,0.0285,0.0298,0.0257,0.0255,0.0314,0.0307,0.0309
395238,57,"Worcester, MA",Msa,MA,0.0265,0.0266,0.0318,0.0294,0.0263,0.0277,0.0285,0.0285,0.0266,0.0263,0.028,0.0277,0.0291,0.0277,0.0273,0.025,0.025,0.0255,0.0244,0.0252,0.0277,0.0261,0.0256,0.0254,0.025,0.0272,0.025,0.025,0.025,0.028,0.0279,0.0253,0.0251,0.0269,0.0303,0.0279,0.0301,0.0294,0.0303,0.0342,0.037,0.0312,0.0297,0.0382,0.0334,0.0333,0.0358,0.034,0.0322,0.0357,0.0324,0.0392,0.0478,0.0401,0.0385
394415,58,"Stamford, CT",Msa,CT,0.0335,0.0311,0.035,0.0317,0.031,0.0314,0.0329,0.0314,0.0318,0.0322,0.0317,0.0322,0.0316,0.0322,0.0364,0.0334,0.0322,0.0316,0.0346,0.0333,0.0333,0.0324,0.0294,0.0323,0.0322,0.0292,0.0313,0.0333,0.0324,0.0308,0.0312,0.0302,0.0294,0.0308,0.0322,0.0323,0.0319,0.0322,0.0333,0.0333,0.0358,0.0379,0.0359,0.0411,0.0383,0.0377,0.0378,0.035,0.0356,0.0371,0.0329,0.0323,0.0322,0.0342,0.043
394312,59,"Albuquerque, NM",Msa,NM,0.0206,0.0211,0.0217,0.0211,0.0222,0.0208,0.0227,0.0222,0.0222,0.0222,0.0218,0.0218,0.0229,0.022,0.0189,0.0228,0.0196,0.021,0.0225,0.0222,0.0226,0.0227,0.0217,0.0217,0.0222,0.0217,0.0216,0.0233,0.0208,0.02,0.0219,0.02,0.0217,0.0209,0.0207,0.0224,0.0233,0.0226,0.0232,0.0222,0.0231,0.0256,0.0252,,0.028,0.0285,0.0266,0.0267,0.025,0.0235,0.025,0.0306,0.0224,0.0269,0.0303
394308,60,"Albany, NY",Msa,NY,0.0333,0.0326,0.0338,0.0333,0.0291,0.0334,0.033,0.0347,0.0333,0.0344,0.035,0.0336,0.0342,0.0322,0.0366,0.033,0.0344,0.0332,0.0312,0.0335,0.0329,0.0323,0.0333,0.031,0.0303,0.0316,0.0324,0.0324,0.0309,0.028,0.0344,0.031,0.032,0.0301,0.0338,0.0378,0.0342,0.0337,0.0346,0.0294,0.0303,0.0374,0.04,0.0394,0.0445,0.0384,0.0411,0.0384,0.0378,0.0386,0.0416,0.0452,0.0519,0.042,0.0418
394938,61,"Omaha, NE",Msa,NE,0.0259,0.0276,0.0295,0.0263,0.0277,0.0238,0.0243,0.0253,0.026,0.0266,0.0245,0.0251,0.0263,0.025,0.0246,0.0229,0.0217,0.0224,0.0238,0.0252,0.0241,0.0238,0.0268,0.0251,0.0257,0.0254,0.025,0.0231,0.0193,0.0233,0.0227,0.0235,0.0264,0.0263,0.0272,0.0294,0.0298,0.0333,0.0316,0.0285,,0.0306,0.0377,0.0357,0.0363,0.0357,0.0365,0.0312,0.0344,0.0342,0.0367,0.0324,0.0294,0.0337,0.0344
394908,62,"New Haven, CT",Msa,CT,0.0337,0.0326,0.0364,0.0311,0.0333,0.032,0.0331,0.0315,0.0322,0.0303,0.0333,0.0331,0.0312,0.0325,0.0333,0.0322,0.0312,0.0277,0.0306,0.0303,0.031,0.031,0.0336,0.0334,0.0306,0.0331,0.0324,0.0307,0.0333,0.0333,0.0336,0.0294,0.035,0.0309,0.0333,0.0363,0.0352,0.0358,0.0386,0.0374,0.0422,0.043,0.0365,0.0403,0.0384,0.0414,0.04,0.0368,0.0372,0.037,0.036,0.0406,0.0404,0.0441,0.0454
394357,63,"Bakersfield, CA",Msa,CA,0.0227,0.0238,0.0239,0.0227,0.0227,0.0227,0.0213,0.0243,0.0257,0.0222,0.0237,0.0223,0.0228,0.024,0.0223,0.0231,0.0217,0.0217,0.0231,0.0237,0.0252,0.0238,0.0232,0.0245,0.0232,0.0256,0.0226,0.0232,0.0263,0.0227,0.02,0.0214,0.0251,0.0231,0.0249,0.0224,0.0239,0.0227,0.0285,0.0263,0.0294,0.0294,0.0314,0.0303,0.0333,0.0294,0.0268,0.0277,0.0276,0.0271,0.0252,0.0352,0.0293,0.0298,0.0306
394753,64,"Knoxville, TN",Msa,TN,0.0266,0.0267,0.0262,0.025,0.0232,0.0263,0.0241,0.0238,0.025,0.0243,0.024,0.0252,0.0263,0.0256,0.0238,0.0222,0.0231,0.0238,0.025,0.0244,0.0256,0.0245,0.0263,0.0256,0.0232,0.0242,0.0222,0.0224,0.0232,0.0263,0.0228,0.0221,0.024,0.0224,0.0232,0.0269,0.0263,0.0266,0.0268,0.0277,0.0326,0.0295,0.0343,0.0384,0.0333,0.0326,0.0333,0.0322,0.0302,0.0334,0.0305,0.0308,0.0344,0.0353,0.0384
394653,65,"Greenville, SC",Msa,SC,0.0238,0.0237,0.0252,0.0232,0.0238,0.0238,0.0229,0.0221,0.0232,0.0227,0.0233,0.0229,0.0241,0.0232,0.0212,0.0211,0.0216,0.0225,0.0233,0.0226,0.0227,0.0217,0.0211,0.0205,0.0211,0.0202,0.0188,0.0196,0.0222,0.0227,0.0212,0.0211,0.02,0.0206,0.021,0.0222,0.0205,0.0227,0.0227,0.0225,0.0232,0.025,0.0233,,0.0292,0.0263,0.0257,0.0287,0.0304,0.0309,0.0302,0.0296,0.0323,0.0341,0.0384
394952,66,"Ventura, CA",Msa,CA,0.019,0.0205,0.0194,0.0228,0.0181,0.018,0.0186,0.0184,0.0189,0.0203,0.019,0.02,0.0194,0.019,0.0173,0.0192,0.0188,0.0178,0.0189,0.0182,0.0189,0.0187,0.0189,0.0185,0.0188,0.0186,0.0192,0.0222,0.0222,0.0215,0.0214,0.0203,0.0196,0.0206,0.0217,0.0256,0.0222,0.0224,0.0269,0.0227,,0.0327,0.0351,0.0385,0.0275,0.0308,0.0313,0.0315,0.0288,0.0303,0.0189,0.0363,0.0223,0.0395,0.0303
394318,67,"Allentown, PA",Msa,PA,0.0317,0.032,0.035,0.0325,0.0333,0.0303,0.0301,0.0311,0.0303,0.0317,0.0327,0.032,0.0342,0.0322,0.0343,0.0342,0.0322,0.0311,0.0315,0.0314,0.0307,0.0314,0.0307,0.0333,0.0303,0.0325,0.0333,0.0307,0.0322,0.031,0.0314,0.0299,0.0322,0.0307,0.0333,0.0384,0.037,0.0307,0.0312,0.033,0.035,0.0345,0.0344,0.0344,0.0382,0.0372,0.0356,0.0346,0.0382,0.0384,0.0308,0.0338,0.0351,0.0384,0.0428
394561,68,"El Paso, TX",Msa,TX,0.0247,0.0244,0.0208,0.024,0.0232,0.0223,0.0226,0.0237,0.0227,0.0232,0.0232,0.0249,0.0253,0.024,0.0262,0.0272,0.0243,0.0255,0.0245,0.0236,0.0229,0.0218,0.0261,0.0234,0.0243,0.0231,0.0201,0.0264,0.0192,0.0242,0.0252,0.0245,0.0219,0.0267,0.026,0.0234,0.0209,0.0227,0.0228,0.025,0.0227,0.029,0.0324,0.0246,0.0309,0.0312,0.0297,0.0312,0.028,0.0333,0.0329,0.0349,0.0308,0.0348,0.0341
394367,69,"Baton Rouge, LA",Msa,LA,0.0253,0.0244,0.0251,0.0252,0.0245,0.024,0.0244,0.0227,0.0226,0.0233,0.0232,0.0229,0.0239,0.0244,0.0238,0.0217,0.0218,0.0222,0.0212,0.0218,0.0215,0.0217,0.0217,0.0223,0.0196,0.0231,0.0234,0.0233,0.0237,0.023,0.0209,0.021,0.0209,0.0216,0.02,0.0201,0.0204,0.0206,0.0209,0.0204,0.024,0.0245,0.0264,0.028,0.0271,0.0282,0.0256,0.027,0.0285,0.0285,0.03,0.0269,0.0316,0.031,0.0344
394521,70,"Dayton, OH",Msa,OH,0.027,0.0272,0.0298,0.0285,0.0277,0.0285,0.0276,0.0277,0.0278,0.027,0.0257,0.0269,0.0263,0.0256,0.0203,0.0217,0.0274,0.0267,0.0283,0.0271,0.026,0.0253,0.0265,0.0257,0.0257,0.0253,0.027,0.0254,0.0266,0.025,0.0256,0.025,0.0254,0.0263,0.027,0.0283,0.0276,0.028,0.0326,0.0298,0.037,0.0326,0.0383,0.0349,0.0333,0.0352,0.0341,0.0333,0.0304,0.0309,0.0298,0.0364,0.0416,0.0365,0.0363
394843,71,"McAllen, TX",Msa,TX,0.0335,0.0292,0.0326,0.0333,0.0285,0.0308,0.0299,0.0303,0.0309,0.0276,0.0274,0.0303,0.0313,0.0303,0.0301,0.0313,0.0306,0.0322,0.0345,0.0272,0.0277,0.0311,0.0357,0.0348,0.0317,0.0314,0.0348,0.0308,0.0335,0.035,0.0301,0.0263,0.0301,0.0291,0.0305,0.0269,0.0299,0.0315,0.0295,0.0293,0.0264,0.0308,0.0344,0.0364,0.0348,0.033,0.0323,0.0338,0.0312,0.0354,0.0348,0.0342,0.033,0.0333,0.0319
394486,72,"Columbia, SC",Msa,SC,0.0238,0.0235,0.0242,0.025,0.023,0.0223,0.0237,0.023,0.0225,0.0233,0.0244,0.025,0.0224,0.02,0.0212,0.0209,0.0185,0.0208,0.0204,0.0192,0.0212,0.0208,0.0204,0.0199,0.0196,0.0221,0.0208,0.0217,0.0206,0.0208,0.0172,0.0196,0.019,0.0204,0.0208,0.0188,0.0173,0.0228,0.0192,0.0217,0.0171,0.0272,0.0308,0.0276,,0.0314,0.0312,0.0334,0.0269,0.0222,0.0212,0.029,0.0226,0.0322,0.0289
394304,74,"Akron, OH",Msa,OH,0.0357,0.037,0.0419,0.0386,0.0338,0.037,0.0319,0.0342,0.0333,0.0358,0.0364,0.0344,0.0363,0.0342,0.0384,0.0361,0.0333,0.0312,0.0352,0.0357,0.0365,0.037,0.037,0.0363,0.0384,0.037,0.037,0.0345,0.0334,0.0351,0.0333,0.0344,0.0326,0.0356,0.0384,0.035,0.0407,0.0384,0.04,0.037,0.0434,0.0402,0.0401,0.0417,0.0414,0.0415,0.0434,0.0372,0.0434,0.0419,0.0462,0.0461,0.0511,0.0444,0.0512
753906,75,"North Port-Sarasota-Bradenton, FL",Msa,FL,0.025,0.0259,0.0256,0.0255,0.0261,0.0259,0.0247,0.0237,0.024,0.0246,0.0227,0.0233,0.0244,0.0232,0.0242,0.0261,0.0254,0.0251,0.0246,0.0229,0.0227,0.022,0.0222,0.0208,0.022,0.0217,0.0229,0.0238,0.0247,0.0232,0.0224,0.0192,0.0197,0.0217,0.0217,0.0207,0.0212,0.0213,0.0232,0.021,0.0271,0.0289,0.0309,,0.0303,0.0306,0.03,0.0281,0.0195,0.0222,0.0285,0.0309,0.0332,0.0361,0.0357
394798,76,"Little Rock, AR",Msa,AR,0.0256,0.0242,0.0251,0.0286,0.0257,0.0238,0.025,0.025,0.0256,0.0266,0.0238,0.0253,0.026,0.0245,0.0282,0.0258,0.0252,0.0232,0.0248,0.025,0.0232,0.0238,0.0235,0.0227,0.0233,0.0224,0.0244,0.0254,0.0269,0.0235,0.0242,0.0232,0.0238,0.0248,0.0208,0.0241,0.024,0.0268,0.0329,0.0284,0.0339,0.0285,0.0294,0.0394,0.0345,0.0357,0.0321,0.0329,0.0312,0.0353,0.0326,0.0314,0.0358,0.0372,0.0376
395134,77,"Stockton, CA",Msa,CA,0.0227,0.0209,0.0208,0.0217,0.0216,0.0191,0.0222,0.0228,0.023,0.0228,0.0227,0.0224,0.0222,0.0235,0.0199,0.0213,0.0226,0.02,0.0196,0.0202,0.0185,0.0196,0.02,0.0207,0.0203,0.0195,0.0214,0.022,0.0252,0.0222,0.0197,0.0173,0.0196,0.02,0.0238,0.0236,0.0256,0.0253,0.0239,0.0252,0.0213,0.029,0.0322,0.0341,0.0369,0.0338,0.0308,0.0265,0.027,0.0259,0.0303,0.0246,0.0357,0.0312,0.0277
394457,78,"Charleston, SC",Msa,SC,0.0188,0.0185,0.0179,0.0183,0.0181,0.0172,0.0184,0.0181,0.0182,0.017,0.0185,0.0182,0.0189,0.0174,0.016,0.0166,0.0171,0.0176,0.0178,0.018,0.0169,0.0166,0.0161,0.0169,0.0178,0.0179,0.017,0.0172,0.0186,0.018,0.0157,0.0166,0.0162,0.0156,0.0175,0.016,,0.0202,0.0196,0.022,0.0208,0.0237,0.0236,0.0278,0.0258,0.0248,0.025,0.0266,0.0222,0.0213,0.0235,0.025,0.0224,0.0235,0.0268
395143,79,"Syracuse, NY",Msa,NY,0.0345,0.0365,0.0384,0.0335,0.0346,0.0333,0.0315,0.0334,0.037,0.0335,0.0365,0.0348,0.0345,0.0357,0.0345,0.0338,0.0308,0.0328,0.0324,0.0344,0.0333,0.0335,0.0336,0.0357,0.0344,0.0357,0.0371,0.0335,0.0333,0.0302,0.04,0.0357,0.0339,0.035,0.0403,0.0357,0.037,0.0357,0.0385,0.04,0.0397,0.0354,0.0435,0.0444,0.0444,0.0481,0.0456,0.0476,0.0416,0.0434,0.0473,0.0465,0.0471,0.0392,0.0476
394484,80,"Colorado Springs, CO",Msa,CO,0.0185,0.0186,0.0192,0.0168,0.0206,0.0188,0.0215,0.0207,0.02,0.0204,0.0196,0.0185,0.02,0.0178,0.0175,0.0181,0.0166,0.0185,0.0181,0.0192,0.0189,0.0192,0.0192,0.0183,0.0192,0.0176,0.0172,0.0177,0.0186,0.0208,0.0166,0.0178,0.0186,0.0185,0.0184,0.0208,0.0212,0.0189,0.0222,0.0232,0.0268,0.0277,0.0238,0.0263,0.0281,0.0281,0.0294,0.0266,0.0241,0.0228,0.021,0.0253,0.0245,0.0237,0.025
395224,82,"Wichita, KS",Msa,KS,0.0294,0.0294,0.0282,0.0294,0.0283,0.0271,0.026,0.0256,0.0259,0.0266,0.0277,0.0286,0.028,0.0293,0.0277,0.0281,0.0279,0.028,0.0277,0.0291,0.0281,0.0285,0.0286,0.0274,0.0267,0.0269,0.0314,0.0277,0.0275,0.0287,0.028,0.0243,0.0256,0.025,0.0267,0.0281,0.0292,0.0284,0.0294,0.0312,0.0312,0.0287,,,0.037,0.0366,0.037,0.0366,0.0322,0.0334,0.0357,0.0344,0.0373,0.0404,0.0422
395115,83,"Springfield, MA",Msa,MA,0.0295,0.0263,0.0273,0.0277,0.0275,0.0285,0.0285,0.0275,0.0298,0.0277,0.0285,0.0277,0.0285,0.0262,0.0294,0.027,0.0285,0.0263,0.0251,0.0245,0.0261,0.0274,0.0279,0.0272,0.0282,0.0263,0.0265,0.0271,0.0282,0.0256,0.025,0.0234,0.0252,0.0278,0.0307,0.0253,0.0303,0.0293,0.029,0.0291,0.0333,0.0335,0.035,0.0369,0.04,0.0384,0.0352,0.0344,0.0351,0.0376,0.038,0.0374,0.0298,0.0391,0.035
394440,84,"Fort Myers, FL",Msa,FL,0.022,0.0227,0.0227,0.0235,0.0242,0.0238,0.0227,0.0217,0.0217,0.0217,0.0212,0.0207,0.021,0.0217,0.0235,0.023,0.0238,0.0233,0.0224,0.0226,0.0211,0.0212,0.0205,0.0196,0.0204,0.02,0.02,0.0218,0.0233,0.0232,0.0212,0.0204,0.0194,0.0182,0.0196,0.02,0.02,0.0225,0.0229,0.0222,0.025,0.0266,0.0294,0.0315,0.0305,0.03,0.03,0.0275,0.0283,0.0275,0.0285,0.0304,0.0324,0.0315,0.0315
394399,85,"Boise City, ID",Msa,ID,0.0222,0.021,0.0222,0.02,0.02,0.0215,0.0222,0.0188,0.0215,0.0176,0.0212,0.02,0.0204,0.0192,0.0178,0.0169,0.0166,0.0169,0.0178,0.0197,0.0181,0.0173,0.0188,0.0192,0.0173,0.0165,0.0147,0.0147,0.0142,0.0147,0.0169,0.0167,0.0181,0.0169,0.0201,0.0263,0.024,0.0281,,0.0117,,0.02,0.0306,0.0302,0.0286,0.0243,0.0247,0.0232,0.0228,0.0217,0.02,0.0213,0.0216,0.0272,0.026
395160,86,"Toledo, OH",Msa,OH,0.0389,0.0385,0.0429,0.0378,0.04,0.0364,0.0377,0.0342,0.036,0.0381,0.0375,0.0384,0.0376,0.0384,0.0386,0.0385,0.0416,0.0358,0.037,0.0357,0.0344,0.032,0.0361,0.0316,0.0344,0.0366,0.0322,0.0353,0.037,0.0342,0.0311,0.0307,0.0378,0.0319,0.0333,0.0333,0.0357,0.0384,0.039,0.0386,0.0365,0.0478,0.0434,0.046,0.0462,0.0449,0.0438,0.0444,0.0417,0.0416,0.0434,0.0435,0.0459,0.05,0.0465
394816,87,"Madison, WI",Msa,WI,0.0259,0.0283,0.0272,0.026,0.024,0.0256,0.0279,0.028,0.028,0.0277,0.0277,0.0272,0.0266,0.0263,0.0326,0.0285,0.0269,0.0241,0.0256,0.0282,0.0263,0.0277,0.0285,0.0263,0.0262,0.0222,0.027,0.0284,0.0277,0.0282,0.0282,0.025,0.025,0.0277,0.0277,0.0283,0.0336,0.0281,0.0286,0.0305,0.0309,0.0333,0.0351,0.037,0.0342,0.0312,0.0322,0.0354,0.0334,0.036,0.0357,,,0.0357,0.0372
394766,88,"Lakeland, FL",Msa,FL,0.0222,0.0257,0.0215,0.0259,0.0217,0.0244,0.0227,0.0222,0.0235,0.024,0.0246,0.0217,0.0246,0.0231,0.0255,0.0258,0.025,0.0232,0.023,0.0227,0.0227,0.0222,0.0238,0.0224,0.0223,0.0222,0.0214,0.0227,0.0226,0.0237,0.0222,0.0208,0.0204,0.0216,0.0233,0.02,0.0213,0.0222,0.0204,0.0243,0.0221,0.0288,,,,0.0278,0.0298,0.0258,0.024,0.0237,0.0241,0.0256,0.0242,0.0259,0.0279
394931,89,"Ogden, UT",Msa,UT,0.0235,0.0219,0.02,0.0217,0.0232,0.0217,0.0222,0.0227,0.0244,0.0217,0.0208,0.0217,0.021,0.021,0.0186,0.0192,0.0196,0.0181,0.0172,0.0196,0.0196,0.0186,0.0206,0.02,0.0208,0.0196,0.0193,0.0162,0.0196,0.0198,0.0196,0.0181,0.019,0.0224,0.0238,0.0232,0.021,0.0232,0.0224,0.0274,,0.0213,,0.0354,0.0257,0.0262,0.0284,0.0254,0.025,0.0222,0.0212,0.0232,0.031,0.0245,0.0263
394528,90,"Daytona Beach, FL",Msa,FL,0.0252,0.0229,0.025,0.0232,0.0249,0.0244,0.0249,0.0227,0.0227,0.0243,0.0226,0.0235,0.0226,0.0222,0.0219,0.0232,0.0229,0.0227,0.0222,0.0222,0.0225,0.0217,0.0217,0.0222,0.0222,0.0216,0.0218,0.021,0.0222,0.0222,0.0203,0.0201,0.0208,0.0192,0.0211,0.0212,0.0217,0.0217,0.0196,0.0238,0.0235,0.0243,0.0258,,0.0272,0.0271,0.0285,0.0262,0.0248,0.025,0.0238,0.0254,0.0266,0.0222,0.025
394531,91,"Des Moines, IA",Msa,IA,0.0223,0.0238,0.0233,0.0208,0.019,0.0185,0.019,0.0196,0.0203,0.02,0.02,0.0215,0.0211,0.0208,0.0217,0.02,0.0185,0.0188,0.0188,0.0171,0.0185,0.0167,0.0217,0.0213,0.02,0.0199,0.0169,0.02,0.0208,0.0175,0.0188,0.0172,0.0178,0.0168,0.0192,0.02,0.0204,0.0212,0.023,0.0192,0.0196,0.0238,0.0244,0.027,0.0263,0.0277,0.0277,0.0263,0.0251,0.025,0.0256,0.027,0.0263,0.0273,0.0238
395006,100,"Provo, UT",Msa,UT,0.0178,0.0198,0.0173,0.0188,0.02,0.02,0.0214,0.0215,0.0212,0.0199,0.0201,0.0185,0.0166,0.0174,0.0172,0.0161,0.0156,0.0153,0.0153,0.0175,0.0166,0.0162,0.0167,0.017,0.0162,0.0147,0.0152,0.0158,0.015,0.0161,0.0156,0.0154,0.0172,0.0149,0.0188,0.0201,0.0187,0.0156,0.0216,0.0122,,,0.0294,0.0285,0.025,0.0244,0.0203,0.0222,0.0169,0.0188,0.0174,0.0196,0.0317,0.0265,0.0259
394549,104,"Durham, NC",Msa,NC,0.0238,0.022,0.0228,0.025,0.0222,0.024,0.0238,0.025,0.0233,0.0235,0.0254,0.0257,0.0232,0.0204,0.0133,0.0192,0.0193,0.023,0.0233,0.0232,0.0237,0.0191,0.0209,0.0194,0.0201,0.0172,0.0172,0.0168,0.0196,0.0233,0.0178,0.021,0.0189,0.0217,0.0215,0.0219,0.0185,0.021,0.0221,0.0218,0.0181,0.0256,0.0311,0.0384,0.0385,0.0318,0.0335,0.0292,0.0233,0.0217,0.0211,0.0161,0.019,0.0209,0.0271
394602,159,"Fort Collins, CO",Msa,CO,0.021,0.0188,0.0192,0.0203,0.0181,0.021,0.018,0.0203,0.0218,0.0218,0.0206,0.0192,0.0208,0.02,0.0171,0.0175,0.0157,0.0155,0.0173,0.0184,0.0192,0.0173,0.0164,0.0185,0.0176,0.0166,0.0154,0.0155,0.0159,0.0182,0.014,0.0178,0.0164,0.0166,0.0154,0.0156,0.0164,0.0178,0.0153,0.0131,0.0169,0.0247,,0.0304,0.0253,0.027,0.0272,0.025,0.0232,0.0212,0.0267,0.0235,0.0203,0.0266,0.0218
