RegionID,RegionName,SizeRank,2014-01,2014-02,2014-03,2014-04,2014-05,2014-06,2014-07,2014-08,2014-09,2014-10,2014-11,2014-12,2015-01,2015-02,2015-03,2015-04,2015-05,2015-06,2015-07,2015-08,2015-09,2015-10,2015-11,2015-12,2016-01,2016-02,2016-03,2016-04,2016-05,2016-06,2016-07,2016-08,2016-09,2016-10,2016-11,2016-12,2017-01,2017-02,2017-03,2017-04,2017-05,2017-06,2017-07,2017-08,2017-09,2017-10,2017-11,2017-12,2018-01,2018-02,2018-03,2018-04,2018-05,2018-06,2018-07,2018-08,2018-09,2018-10,2018-11,2018-12,2019-01,2019-02,2019-03,2019-04,2019-05,2019-06,2019-07,2019-08,2019-09,2019-10,2019-11,2019-12,2020-01,2020-02,2020-03,2020-04,2020-05,2020-06,2020-07,2020-08,2020-09,2020-10,2020-11,2020-12,2021-01,2021-02,2021-03,2021-04,2021-05,2021-06,2021-07,2021-08,2021-09,2021-10,2021-11,2021-12,2022-01,2022-02,2022-03,2022-04
102001,United States,0,1264,1275,1276,1282,1295,1305,1315,1319,1321,1321,1321,1321,1325,1333,1341,1352,1361,1370,1375,1380,1381,1382,1382,1383,1388,1395,1403,1412,1420,1427,1429,1432,1432,1431,1431,1430,1434,1440,1448,1457,1467,1473,1479,1481,1480,1479,1478,1479,1483,1489,1498,1507,1516,1524,1530,1534,1534,1534,1535,1536,1540,1546,1555,1565,1575,1584,1589,1592,1591,1589,1588,1590,1595,1604,1609,1603,1599,1601,1603,1600,1597,1596,1600,1603,1607,1614,1631,1656,1686,1719,1754,1787,1811,1829,1846,1862,1868,1892,1908,1927
394913,"New York, NY",1,2257,2285,2292,2298,2331,2348,2366,2374,2377,2376,2379,2372,2381,2395,2410,2440,2452,2464,2471,2479,2487,2489,2482,2479,2482,2489,2492,2509,2523,2536,2523,2533,2539,2534,2532,2524,2521,2525,2536,2552,2568,2575,2584,2580,2588,2578,2559,2560,2554,2555,2565,2579,2593,2607,2620,2626,2625,2617,2608,2606,2605,2614,2630,2641,2666,2684,2692,2693,2686,2679,2666,2654,2661,2681,2686,2672,2654,2636,2605,2547,2492,2454,2434,2426,2427,2433,2456,2493,2540,2590,2651,2696,2736,2764,2790,2822,2854,2906,2955,3004
753899,"Los Angeles-Long Beach-Anaheim, CA",2,1797,1826,1815,1822,1845,1864,1883,1898,1908,1913,1912,1916,1929,1937,1954,1968,1978,1990,2006,2019,2027,2036,2044,2049,2061,2078,2090,2097,2115,2129,2133,2145,2151,2157,2159,2164,2176,2188,2200,2215,2230,2237,2251,2258,2262,2264,2269,2268,2279,2287,2295,2307,2317,2331,2339,2351,2356,2362,2369,2373,2377,2382,2389,2401,2409,2420,2430,2438,2443,2443,2447,2455,2460,2465,2464,2439,2424,2421,2420,2412,2414,2421,2425,2422,2421,2430,2444,2466,2498,2541,2585,2639,2675,2703,2727,2750,2769,2802,2831,2864
394463,"Chicago, IL",3,1446,1458,1460,1465,1480,1494,1503,1506,1500,1496,1494,1493,1496,1500,1491,1513,1527,1542,1550,1556,1551,1543,1534,1534,1542,1551,1561,1574,1586,1595,1601,1602,1593,1580,1572,1568,1568,1583,1596,1609,1622,1629,1631,1628,1620,1612,1605,1606,1608,1616,1629,1638,1650,1659,1662,1660,1653,1642,1639,1636,1644,1653,1665,1679,1691,1701,1706,1705,1701,1693,1683,1682,1691,1701,1710,1708,1707,1706,1701,1689,1671,1651,1638,1633,1634,1639,1659,1691,1719,1743,1762,1781,1787,1791,1796,1811,1825,1839,1862,1883
394514,"Dallas-Fort Worth, TX",4,1095,1121,1126,1142,1137,1140,1144,1147,1151,1148,1145,1148,1152,1157,1169,1178,1188,1195,1201,1206,1202,1201,1200,1201,1207,1211,1225,1236,1246,1254,1260,1262,1263,1263,1265,1265,1268,1273,1282,1288,1300,1308,1312,1315,1315,1317,1314,1314,1318,1325,1328,1336,1340,1348,1354,1358,1354,1358,1362,1359,1362,1372,1375,1385,1394,1404,1408,1407,1409,1408,1405,1403,1406,1413,1419,1413,1410,1415,1418,1420,1422,1427,1430,1433,1437,1446,1460,1484,1515,1554,1595,1631,1655,1667,1686,1696,1705,1721,1730,1750
394974,"Philadelphia, PA",5,1353,1319,1340,1344,1353,1364,1369,1374,1377,1371,1369,1356,1360,1363,1375,1386,1398,1405,1407,1408,1406,1402,1403,1401,1406,1412,1422,1431,1440,1445,1451,1445,1443,1440,1442,1440,1442,1448,1457,1465,1471,1473,1476,1477,1474,1475,1479,1479,1476,1482,1493,1503,1513,1517,1518,1520,1522,1522,1521,1525,1531,1536,1545,1552,1560,1570,1573,1573,1572,1574,1574,1574,1575,1589,1594,1587,1590,1592,1592,1595,1595,1596,1598,1605,1604,1605,1615,1633,1654,1674,1694,1725,1738,1755,1770,1792,1788,1798,1812,1822
394692,"Houston, TX",6,1150,1178,1167,1175,1199,1212,1226,1234,1234,1238,1235,1232,1237,1240,1246,1257,1263,1271,1275,1277,1273,1270,1270,1269,1268,1274,1280,1280,1280,1283,1281,1277,1274,1271,1265,1261,1260,1263,1270,1273,1279,1281,1281,1282,1286,1296,1303,1307,1309,1313,1317,1323,1326,1331,1334,1332,1331,1330,1334,1328,1328,1330,1336,1341,1348,1355,1357,1355,1353,1352,1350,1353,1356,1358,1363,1354,1346,1345,1344,1344,1347,1351,1357,1356,1355,1353,1362,1377,1403,1435,1466,1488,1493,1507,1514,1524,1522,1533,1543,1550
395209,"Washington, DC",7,1744,1784,1772,1772,1784,1798,1808,1813,1815,1803,1794,1784,1788,1796,1797,1811,1817,1826,1830,1829,1824,1827,1822,1823,1825,1831,1840,1847,1856,1866,1849,1859,1856,1853,1848,1846,1853,1858,1864,1880,1889,1895,1896,1898,1895,1886,1875,1873,1875,1882,1887,1903,1914,1926,1934,1938,1932,1927,1926,1926,1932,1941,1949,1962,1973,1984,1990,1991,1992,1984,1978,1975,1981,1987,1994,1987,1977,1975,1972,1961,1944,1928,1911,1901,1903,1904,1914,1938,1971,2009,2046,2080,2098,2114,2122,2127,2131,2142,2156,2174
394856,"Miami-Fort Lauderdale, FL",8,1617,1622,1624,1625,1638,1645,1662,1669,1682,1688,1697,1701,1706,1718,1721,1725,1737,1748,1752,1766,1777,1787,1798,1802,1806,1814,1819,1816,1821,1821,1823,1828,1831,1832,1839,1838,1843,1846,1850,1849,1850,1855,1861,1868,1874,1882,1884,1886,1891,1892,1895,1896,1901,1908,1913,1921,1929,1936,1942,1944,1944,1946,1951,1953,1954,1957,1962,1968,1974,1984,1993,2003,2005,2011,2008,2001,1988,1986,1990,1994,2000,2013,2029,2046,2069,2088,2117,2161,2210,2269,2345,2421,2475,2529,2600,2672,2703,2760,2810,2846
394347,"Atlanta, GA",9,1062,1073,1073,1081,1087,1094,1099,1103,1101,1102,1104,1107,1109,1115,1122,1131,1143,1155,1161,1162,1160,1161,1161,1164,1169,1177,1190,1199,1209,1220,1228,1231,1234,1238,1237,1236,1240,1246,1255,1264,1277,1286,1297,1303,1307,1304,1304,1306,1312,1318,1329,1338,1352,1360,1368,1375,1379,1383,1387,1390,1400,1404,1415,1425,1435,1445,1450,1455,1460,1457,1455,1456,1462,1470,1476,1472,1471,1478,1489,1501,1512,1523,1529,1541,1553,1570,1591,1622,1654,1700,1753,1810,1843,1866,1876,1875,1881,1894,1903,1904
394404,"Boston, MA",10,2099,2116,2118,2112,2129,2149,2163,2173,2166,2158,2141,2126,2138,2162,2185,2199,2219,2237,2240,2235,2230,2223,2211,2211,2238,2264,2279,2294,2315,2327,2327,2331,2319,2306,2288,2295,2325,2347,2357,2376,2388,2398,2406,2401,2390,2364,2363,2367,2390,2405,2422,2439,2453,2467,2472,2466,2446,2440,2436,2446,2466,2477,2495,2516,2535,2552,2551,2548,2532,2518,2512,2519,2538,2558,2572,2563,2553,2545,2528,2470,2421,2375,2351,2349,2367,2395,2427,2465,2505,2548,2582,2605,2636,2658,2685,2682,2692,2697,2720,2762
395057,"San Francisco, CA",11,2160,2085,2148,2178,2240,2311,2336,2380,2424,2449,2452,2464,2485,2514,2545,2567,2609,2654,2668,2697,2712,2721,2721,2729,2736,2750,2762,2780,2798,2821,2816,2830,2815,2801,2791,2775,2779,2797,2808,2824,2851,2875,2890,2898,2898,2889,2876,2878,2887,2890,2905,2917,2943,2959,2974,2987,2990,2985,2985,2985,2987,2997,3012,3025,3040,3065,3079,3079,3073,3060,3057,3057,3073,3086,3082,3066,3052,3028,2996,2932,2874,2832,2814,2787,2791,2795,2828,2859,2903,2961,3017,3045,3055,3064,3061,3082,3090,3111,3145,3157
394532,"Detroit, MI",12,936,941,946,948,955,960,967,969,969,968,967,966,966,971,978,980,986,993,996,999,1002,992,994,995,1000,1003,1008,1014,1018,1025,1032,1040,1034,1034,1029,1027,1030,1034,1040,1049,1057,1066,1072,1075,1075,1073,1073,1073,1074,1080,1086,1088,1100,1105,1111,1115,1114,1113,1114,1113,1115,1116,1122,1131,1138,1146,1152,1155,1152,1151,1153,1152,1145,1150,1156,1160,1162,1170,1182,1189,1199,1214,1214,1224,1229,1237,1249,1263,1278,1295,1313,1329,1334,1347,1354,1362,1359,1370,1381,1405
395025,"Riverside, CA",13,1435,1444,1443,1442,1449,1456,1470,1470,1475,1478,1482,1492,1495,1503,1508,1520,1524,1529,1533,1542,1551,1554,1562,1565,1568,1575,1580,1587,1595,1607,1613,1616,1629,1629,1635,1637,1648,1652,1666,1681,1692,1701,1710,1719,1722,1730,1736,1732,1738,1752,1763,1776,1780,1794,1806,1816,1826,1832,1830,1840,1841,1849,1853,1863,1869,1874,1892,1901,1902,1910,1914,1918,1924,1932,1933,1926,1921,1940,1961,1991,2028,2058,2078,2092,2124,2135,2176,2210,2244,2296,2354,2404,2437,2443,2452,2474,2508,2536,2570,2584
394976,"Phoenix, AZ",14,953,968,963,964,972,978,980,984,987,988,990,992,994,1012,1016,1026,1034,1039,1039,1043,1048,1048,1052,1055,1062,1066,1075,1085,1092,1099,1102,1103,1105,1107,1109,1111,1115,1123,1132,1140,1149,1155,1161,1164,1168,1171,1170,1172,1179,1184,1198,1213,1222,1230,1238,1245,1250,1255,1261,1267,1270,1282,1292,1306,1319,1329,1338,1346,1348,1353,1359,1372,1379,1392,1395,1389,1389,1395,1407,1423,1439,1455,1473,1480,1495,1509,1535,1571,1620,1676,1734,1782,1813,1839,1864,1871,1882,1892,1904,1911
395078,"Seattle, WA",15,1340,1366,1357,1375,1403,1418,1430,1444,1450,1447,1445,1449,1457,1471,1485,1496,1509,1527,1538,1550,1554,1559,1553,1550,1560,1569,1593,1611,1638,1655,1652,1671,1673,1676,1668,1668,1676,1685,1709,1731,1753,1770,1781,1785,1780,1769,1756,1748,1752,1763,1778,1796,1814,1825,1833,1834,1829,1824,1818,1819,1821,1832,1847,1866,1884,1903,1912,1919,1910,1906,1901,1906,1922,1939,1953,1942,1931,1929,1926,1916,1894,1867,1838,1820,1828,1837,1861,1901,1944,1996,2048,2091,2122,2132,2138,2141,2143,2165,2185,2206
394865,"Minneapolis-St Paul, MN",16,1170,1187,1185,1189,1194,1207,1215,1225,1222,1218,1202,1200,1201,1210,1223,1235,1246,1255,1260,1259,1256,1253,1254,1255,1257,1268,1278,1286,1298,1305,1309,1310,1310,1311,1311,1303,1317,1329,1339,1347,1354,1362,1366,1369,1368,1360,1368,1367,1378,1382,1392,1402,1410,1422,1426,1426,1423,1423,1425,1425,1432,1439,1454,1465,1475,1486,1486,1474,1479,1478,1485,1482,1489,1500,1507,1508,1505,1507,1505,1508,1504,1513,1506,1503,1500,1495,1509,1523,1541,1555,1569,1579,1592,1590,1586,1589,1593,1608,1617,1624
395056,"San Diego, CA",17,1733,1713,1727,1735,1758,1774,1782,1791,1798,1801,1811,1810,1825,1846,1857,1867,1877,1887,1896,1907,1913,1912,1923,1923,1930,1941,1956,1976,1991,2009,2009,2015,2024,2022,2025,2025,2029,2047,2064,2072,2094,2107,2117,2128,2127,2129,2120,2124,2137,2152,2162,2172,2193,2208,2216,2230,2232,2230,2233,2228,2231,2238,2247,2259,2274,2280,2296,2308,2306,2311,2310,2310,2313,2321,2321,2305,2306,2317,2324,2332,2344,2350,2371,2384,2387,2395,2417,2455,2499,2545,2604,2661,2702,2740,2769,2797,2798,2842,2890,2946
395121,"St. Louis, MO",18,918,896,909,917,929,933,939,941,939,943,934,936,935,941,952,952,956,962,959,964,963,963,962,963,962,967,970,974,980,983,987,987,982,985,984,980,983,985,991,996,999,1002,1005,1006,1005,1007,1004,1003,1006,1007,1009,1018,1025,1021,1028,1030,1032,1029,1028,1030,1031,1036,1045,1054,1053,1068,1065,1065,1066,1064,1063,1062,1067,1071,1084,1084,1085,1087,1092,1097,1103,1108,1106,1104,1107,1112,1121,1138,1152,1161,1180,1187,1202,1206,1217,1224,1221,1234,1251,1263
395148,"Tampa, FL",19,1100,1109,1111,1111,1120,1123,1129,1133,1136,1137,1140,1144,1150,1156,1159,1164,1170,1179,1185,1190,1192,1198,1205,1207,1210,1216,1225,1233,1237,1243,1245,1250,1254,1257,1262,1262,1268,1272,1279,1287,1294,1301,1306,1311,1307,1313,1319,1322,1327,1336,1344,1355,1362,1369,1375,1379,1381,1384,1390,1391,1394,1399,1408,1415,1425,1428,1434,1441,1444,1448,1449,1455,1463,1467,1474,1469,1463,1474,1482,1496,1509,1523,1537,1545,1552,1574,1588,1619,1669,1728,1796,1867,1911,1945,1971,1988,1992,2019,2041,2055
394358,"Baltimore, MD",20,1371,1397,1397,1409,1418,1428,1440,1442,1440,1440,1439,1438,1430,1432,1431,1440,1445,1455,1463,1464,1459,1456,1454,1461,1456,1454,1461,1467,1471,1478,1477,1471,1465,1460,1455,1448,1449,1458,1459,1466,1483,1484,1487,1483,1476,1475,1473,1465,1463,1467,1476,1486,1494,1493,1496,1498,1494,1492,1491,1492,1494,1507,1514,1518,1525,1530,1534,1532,1530,1522,1522,1526,1531,1533,1529,1518,1517,1520,1526,1526,1532,1534,1540,1551,1552,1562,1576,1604,1628,1650,1684,1706,1718,1710,1729,1740,1743,1752,1763,1776
394530,"Denver, CO",21,1189,1148,1174,1198,1222,1256,1273,1288,1299,1308,1319,1321,1325,1342,1356,1374,1387,1403,1410,1417,1419,1421,1415,1426,1429,1438,1440,1450,1468,1476,1482,1483,1484,1470,1464,1461,1464,1472,1487,1498,1515,1527,1534,1535,1529,1523,1517,1517,1523,1531,1540,1552,1563,1578,1586,1590,1586,1581,1581,1582,1585,1595,1604,1615,1628,1644,1646,1647,1639,1636,1632,1630,1633,1646,1651,1634,1630,1631,1637,1635,1633,1630,1627,1626,1633,1637,1656,1686,1723,1761,1803,1837,1853,1857,1861,1870,1882,1896,1919,1940
394982,"Pittsburgh, PA",22,949,1002,991,1016,1022,1036,1041,1066,1057,1040,1042,1047,1030,1040,1045,1049,1058,1061,1069,1074,1058,1048,1057,1045,1053,1069,1077,1081,1082,1081,1082,1074,1064,1063,1060,1060,1064,1078,1085,1093,1094,1096,1097,1092,1084,1083,1087,1086,1096,1103,1111,1115,1122,1125,1132,1131,1123,1124,1128,1132,1131,1139,1148,1153,1154,1160,1163,1164,1169,1170,1175,1181,1180,1184,1184,1185,1189,1191,1190,1189,1184,1192,1195,1195,1196,1205,1210,1224,1233,1248,1252,1273,1286,1288,1298,1292,1292,1305,1320,1323
394998,"Portland, OR",23,1102,1127,1129,1132,1151,1170,1185,1196,1204,1206,1205,1211,1218,1223,1236,1252,1269,1289,1308,1327,1333,1337,1333,1333,1335,1346,1358,1374,1391,1405,1413,1414,1414,1406,1402,1400,1404,1413,1422,1435,1448,1455,1461,1466,1463,1453,1446,1439,1442,1449,1457,1467,1482,1492,1501,1507,1505,1499,1497,1496,1496,1506,1513,1521,1535,1541,1551,1558,1559,1556,1555,1556,1553,1561,1563,1553,1552,1559,1566,1574,1576,1570,1569,1565,1578,1578,1593,1617,1646,1677,1709,1738,1758,1763,1768,1772,1777,1790,1805,1821
394458,"Charlotte, NC",24,1041,1045,1046,1052,1063,1073,1079,1084,1082,1082,1080,1084,1086,1088,1090,1104,1118,1127,1134,1140,1140,1137,1139,1141,1145,1156,1163,1167,1175,1183,1190,1195,1195,1200,1199,1195,1204,1204,1212,1226,1236,1243,1251,1252,1253,1251,1254,1249,1250,1257,1264,1276,1286,1295,1301,1305,1304,1303,1311,1319,1319,1327,1334,1342,1357,1363,1369,1369,1375,1378,1373,1374,1381,1384,1393,1379,1374,1383,1390,1392,1398,1403,1411,1413,1422,1432,1451,1481,1506,1543,1580,1619,1647,1662,1678,1694,1702,1711,1719,1738
395045,"Sacramento, CA",25,1239,1264,1257,1257,1266,1274,1289,1290,1295,1302,1298,1298,1308,1311,1325,1337,1349,1357,1367,1382,1394,1395,1387,1398,1408,1413,1424,1444,1462,1477,1487,1498,1491,1497,1509,1518,1523,1536,1552,1564,1584,1598,1604,1619,1628,1633,1630,1633,1634,1642,1653,1665,1685,1701,1706,1717,1713,1715,1720,1725,1729,1740,1754,1762,1773,1785,1792,1795,1801,1800,1802,1795,1801,1817,1820,1821,1818,1836,1853,1870,1890,1904,1918,1926,1941,1954,1967,1989,2024,2065,2122,2143,2157,2171,2185,2175,2174,2194,2218,2233
395055,"San Antonio, TX",26,969,981,978,987,995,1000,999,1005,1007,1009,1005,994,1002,1012,1020,1028,1036,1042,1045,1048,1042,1047,1049,1054,1049,1052,1063,1069,1074,1077,1076,1082,1082,1082,1087,1085,1085,1092,1098,1103,1107,1112,1116,1115,1113,1113,1111,1111,1112,1114,1123,1127,1133,1140,1143,1149,1149,1150,1153,1150,1153,1157,1161,1165,1174,1178,1185,1191,1195,1196,1190,1191,1192,1194,1195,1192,1191,1192,1199,1206,1208,1210,1213,1216,1219,1221,1234,1250,1270,1294,1328,1367,1387,1392,1396,1409,1410,1420,1429,1441
394943,"Orlando, FL",27,1136,1148,1148,1153,1161,1172,1194,1189,1188,1184,1180,1184,1187,1194,1199,1210,1223,1226,1237,1242,1246,1250,1248,1251,1257,1259,1265,1275,1289,1296,1305,1308,1308,1309,1306,1306,1315,1324,1322,1337,1351,1359,1368,1372,1362,1374,1379,1389,1396,1405,1415,1425,1434,1447,1454,1460,1461,1464,1466,1466,1471,1475,1483,1491,1502,1510,1517,1518,1521,1523,1520,1524,1526,1532,1535,1525,1522,1525,1532,1531,1533,1532,1535,1544,1554,1564,1582,1616,1647,1694,1749,1804,1841,1876,1907,1918,1926,1945,1977,1999
394466,"Cincinnati, OH",28,907,908,912,921,940,941,947,952,953,948,941,941,942,946,963,964,966,974,980,987,986,986,988,987,992,993,1001,1002,1008,1009,1011,1017,1016,1015,1018,1026,1028,1035,1038,1045,1050,1053,1054,1054,1058,1056,1059,1061,1064,1067,1075,1082,1091,1092,1095,1097,1103,1113,1111,1118,1119,1122,1134,1139,1152,1153,1160,1162,1164,1162,1172,1170,1179,1187,1188,1192,1193,1197,1204,1206,1212,1217,1227,1232,1234,1240,1254,1269,1279,1295,1310,1312,1328,1343,1351,1358,1356,1371,1389,1412
394475,"Cleveland, OH",29,969,969,965,974,978,990,998,983,985,991,994,994,999,1005,1013,1019,1026,1050,1039,1032,1028,1032,1036,1024,1032,1043,1047,1050,1060,1078,1115,1102,1072,1056,1049,1047,1043,1048,1049,1058,1062,1065,1067,1066,1071,1068,1067,1061,1066,1070,1076,1082,1092,1090,1095,1099,1099,1101,1100,1101,1105,1113,1119,1124,1130,1129,1133,1126,1126,1125,1129,1134,1134,1141,1141,1152,1154,1155,1154,1172,1170,1169,1172,1181,1182,1195,1208,1208,1229,1242,1261,1269,1284,1284,1290,1301,1293,1319,1328,1344
394735,"Kansas City, MO",30,893,880,891,905,909,925,943,941,935,929,926,924,929,926,939,945,946,960,962,971,961,962,964,964,967,970,977,984,987,992,994,999,1001,1001,1003,1004,1006,1009,1011,1020,1026,1028,1033,1036,1035,1038,1040,1042,1038,1041,1048,1055,1062,1067,1069,1073,1076,1070,1071,1070,1073,1081,1087,1095,1102,1110,1114,1116,1116,1109,1110,1118,1116,1125,1134,1138,1140,1149,1158,1161,1178,1173,1170,1173,1174,1174,1187,1204,1222,1240,1256,1265,1256,1272,1284,1293,1294,1308,1319,1338
394775,"Las Vegas, NV",31,1017,1019,1019,1021,1028,1036,1040,1042,1042,1043,1044,1041,1041,1046,1051,1058,1065,1074,1078,1083,1086,1084,1086,1088,1090,1094,1102,1108,1119,1127,1129,1132,1134,1135,1137,1135,1138,1145,1154,1163,1173,1181,1190,1194,1200,1200,1203,1207,1208,1219,1228,1240,1253,1262,1271,1278,1280,1283,1290,1290,1296,1304,1314,1326,1339,1348,1356,1360,1361,1358,1356,1358,1362,1371,1373,1359,1358,1368,1385,1403,1417,1433,1445,1449,1461,1477,1493,1526,1577,1636,1698,1754,1783,1801,1811,1815,1827,1825,1837,1851
394492,"Columbus, OH",32,929,959,938,933,943,947,945,951,956,969,967,964,955,957,966,973,988,994,996,1002,1001,1007,1015,1006,1008,1008,1015,1021,1031,1039,1037,1031,1031,1033,1033,1041,1039,1045,1058,1062,1069,1076,1078,1081,1080,1083,1087,1092,1091,1098,1109,1119,1124,1130,1134,1131,1135,1135,1138,1140,1148,1155,1162,1164,1165,1170,1174,1175,1185,1185,1185,1186,1194,1199,1199,1206,1210,1218,1225,1232,1233,1246,1253,1254,1253,1253,1267,1274,1293,1309,1334,1350,1352,1365,1376,1393,1386,1397,1403,1430
394705,"Indianapolis, IN",33,960,955,960,964,977,983,982,987,985,989,981,976,972,979,991,997,999,1001,1004,1007,1010,1012,1016,1014,1012,1013,1019,1029,1036,1039,1047,1044,1041,1037,1032,1030,1035,1041,1046,1054,1061,1066,1068,1068,1071,1075,1076,1074,1082,1082,1089,1095,1100,1106,1110,1114,1113,1113,1114,1113,1117,1124,1134,1145,1152,1161,1165,1161,1169,1167,1160,1160,1166,1176,1183,1183,1194,1210,1217,1228,1233,1237,1232,1243,1251,1265,1271,1282,1306,1334,1358,1380,1394,1399,1399,1399,1406,1422,1439,1457
395059,"San Jose, CA",34,2137,2150,2154,2184,2270,2383,2422,2461,2495,2492,2495,2501,2525,2562,2575,2605,2639,2698,2731,2772,2752,2771,2757,2759,2762,2781,2778,2792,2812,2821,2841,2822,2809,2778,2758,2753,2773,2780,2791,2815,2841,2865,2885,2876,2884,2867,2851,2847,2865,2883,2903,2919,2945,2979,2995,2997,2995,2987,2972,2956,2969,2987,3010,3021,3037,3058,3072,3080,3067,3051,3040,3044,3057,3079,3087,3060,3039,3014,2982,2940,2908,2854,2828,2811,2804,2808,2828,2846,2895,2940,2991,3042,3056,3050,3058,3071,3098,3136,3161,3199
394355,"Austin, TX",35,1170,1178,1175,1187,1203,1212,1230,1234,1236,1229,1227,1229,1237,1241,1254,1260,1271,1276,1284,1289,1288,1285,1288,1293,1295,1298,1307,1313,1320,1328,1330,1325,1322,1319,1316,1314,1316,1323,1332,1340,1344,1354,1355,1348,1337,1334,1333,1331,1328,1337,1345,1354,1366,1380,1388,1392,1394,1393,1398,1395,1397,1406,1413,1422,1432,1442,1451,1454,1452,1453,1453,1452,1454,1462,1469,1456,1444,1442,1444,1439,1429,1424,1426,1429,1443,1457,1481,1519,1563,1617,1684,1735,1758,1772,1772,1785,1776,1790,1805,1823
395194,"Virginia Beach, VA",36,1150,1167,1164,1166,1172,1176,1181,1179,1178,1176,1177,1180,1179,1180,1184,1189,1190,1195,1197,1196,1193,1193,1189,1191,1196,1201,1201,1206,1209,1209,1209,1207,1202,1202,1198,1201,1208,1213,1218,1227,1226,1225,1229,1230,1230,1228,1225,1223,1223,1231,1241,1247,1247,1247,1251,1254,1250,1250,1254,1254,1258,1266,1272,1275,1285,1288,1289,1293,1291,1291,1295,1297,1295,1299,1301,1299,1299,1304,1320,1334,1342,1350,1357,1367,1370,1377,1391,1411,1442,1467,1502,1524,1554,1568,1563,1564,1551,1559,1572,1584
394902,"Nashville, TN",37,1071,1084,1084,1113,1119,1133,1143,1148,1151,1159,1161,1158,1159,1169,1183,1193,1202,1215,1221,1224,1222,1225,1223,1228,1237,1241,1258,1262,1274,1283,1292,1301,1293,1290,1280,1285,1289,1291,1303,1313,1329,1332,1336,1346,1344,1332,1323,1321,1327,1328,1340,1352,1360,1375,1376,1373,1370,1370,1366,1368,1373,1382,1390,1401,1415,1423,1432,1431,1429,1427,1432,1437,1443,1447,1455,1456,1456,1457,1462,1463,1454,1452,1452,1455,1465,1467,1488,1516,1546,1583,1625,1674,1692,1710,1726,1737,1755,1779,1793,1802
395005,"Providence, RI",38,1099,1182,1174,1164,1163,1179,1183,1170,1146,1157,1147,1149,1157,1191,1204,1208,1225,1218,1222,1215,1200,1209,1223,1223,1239,1249,1250,1266,1270,1262,1279,1281,1262,1265,1262,1275,1284,1307,1325,1329,1332,1334,1323,1319,1273,1298,1317,1324,1352,1358,1371,1386,1389,1396,1393,1383,1383,1376,1388,1397,1404,1421,1435,1454,1462,1461,1453,1446,1443,1457,1454,1447,1462,1477,1497,1503,1491,1499,1525,1526,1527,1542,1572,1582,1582,1599,1613,1652,1697,1704,1727,1738,1743,1749,1759,1783,1807,1824,1855,1900
394862,"Milwaukee, WI",39,,953,991,970,971,981,989,995,994,989,990,994,1003,989,995,1009,1010,1012,1011,1018,1013,1016,1010,1005,1005,1010,1015,1029,1026,1032,1034,1030,1026,1026,1025,1028,1027,1027,1032,1037,1050,1051,1050,1048,1045,1041,1038,1044,1049,1051,1054,1062,1068,1073,1070,1069,1068,1068,1066,1069,1073,1080,1086,1092,1097,1096,1099,1096,1097,1099,1100,1104,1103,1108,1112,1117,1115,1120,1124,1126,1125,1133,1128,1126,1130,1139,1144,1157,1164,1178,1186,1206,1210,1212,1210,1210,1223,1226,1233,1242
394714,"Jacksonville, FL",40,1055,1046,1054,1070,1066,1070,1070,1073,1074,1075,1074,1072,1078,1074,1074,1082,1092,1101,1107,1110,1108,1109,1108,1110,1114,1122,1126,1132,1136,1142,1144,1150,1149,1144,1148,1145,1150,1153,1162,1171,1178,1187,1192,1198,1181,1188,1195,1199,1207,1211,1219,1228,1238,1248,1254,1258,1258,1259,1261,1266,1263,1268,1275,1282,1289,1297,1304,1308,1311,1306,1307,1308,1312,1317,1322,1320,1321,1327,1335,1352,1360,1369,1371,1374,1388,1404,1422,1452,1485,1532,1583,1626,1662,1675,1697,1714,1714,1728,1734,1748
394849,"Memphis, TN",41,987,977,989,991,997,1003,1005,1006,1003,1007,1007,1012,1013,1012,1010,1012,1016,1018,1021,1023,1023,1020,1024,1024,1024,1032,1033,1036,1036,1043,1045,1043,1045,1048,1045,1046,1047,1046,1050,1056,1058,1058,1066,1068,1070,1067,1068,1067,1074,1075,1079,1088,1092,1101,1106,1108,1105,1106,1110,1113,1116,1123,1130,1137,1142,1146,1152,1154,1155,1151,1152,1157,1166,1178,1189,1194,1195,1212,1223,1244,1256,1263,1278,1275,1287,1295,1309,1336,1370,1392,1411,1436,1445,1468,1473,1484,1488,1501,1517,1526
394935,"Oklahoma City, OK",42,977,993,993,1004,1013,1020,1027,1027,1018,1017,1018,1026,1029,1027,1033,1035,1053,1056,1056,1051,1041,1028,1021,1029,1033,1041,1042,1047,1048,1052,1048,1046,1037,1028,1023,1028,1021,1030,1040,1042,1047,1053,1055,1057,1050,1047,1037,1037,1047,1048,1057,1063,1065,1073,1074,1073,1073,1073,1073,1074,1074,1082,1084,1092,1130,1119,1111,1109,1106,1104,1104,1102,1106,1106,1115,1117,1122,1121,1125,1128,1132,1140,1145,1142,1144,1147,1159,1174,1195,1222,1242,1261,1266,1270,1275,1277,1284,1291,1304,1318
394807,"Louisville-Jefferson County, KY",43,861,874,872,872,887,891,902,904,902,904,899,901,900,914,911,935,925,924,932,930,932,921,925,927,933,932,940,948,957,969,968,973,968,968,968,974,976,991,994,998,1003,1009,1011,1011,1008,1001,998,1008,1009,1019,1024,1026,1031,1034,1032,1038,1039,1039,1039,1037,1043,1047,1052,1065,1068,1072,1070,1065,1073,1069,1065,1066,1075,1081,1088,1087,1090,1101,1107,1108,1114,1119,1121,1120,1118,1122,1129,1146,1156,1161,1179,1184,1196,1195,1208,1221,1230,1244,1261,1274
394669,"Hartford, CT",44,1195,1176,1169,1174,1180,1191,1203,1203,1201,1200,1199,1200,1202,1214,1214,1220,1220,1228,1231,1228,1225,1225,1224,1225,1231,1236,1235,1236,1245,1248,1250,1252,1251,1243,1244,1246,1245,1251,1257,1263,1272,1273,1275,1276,1271,1267,1265,1264,1271,1276,1280,1287,1296,1296,1301,1296,1296,1295,1301,1302,1307,1308,1312,1318,1318,1326,1330,1331,1325,1320,1319,1330,1336,1337,1336,1344,1341,1351,1358,1365,1379,1382,1393,1391,1400,1392,1411,1428,1451,1475,1491,1498,1521,1507,1536,1539,1518,1534,1563,1590
395022,"Richmond, VA",45,,1029,1051,1048,1068,1080,1086,1083,1089,1082,1075,1081,1085,1083,1091,1100,1100,1095,1108,1117,1111,1108,1113,1104,1112,1111,1132,1136,1133,1137,1152,1142,1140,1134,1134,1133,1134,1142,1146,1161,1171,1174,1179,1173,1169,1169,1175,1177,1185,1185,1195,1208,1217,1222,1222,1219,1215,1215,1224,1222,1225,1231,1242,1253,1260,1261,1263,1268,1268,1264,1262,1269,1272,1276,1283,1274,1284,1286,1292,1298,1297,1301,1312,1313,1317,1323,1341,1357,1384,1411,1434,1430,1455,1470,1497,1508,1493,1508,1524,1539
394910,"New Orleans, LA",46,1141,1112,1122,1109,1111,1113,1150,1148,1142,1116,1127,1140,1148,1142,1143,1142,1150,1160,1159,1158,1159,1163,1165,1177,1177,1168,1163,1166,1174,1170,1166,1166,1175,1180,1177,1191,1181,1191,1184,1183,1188,1187,1190,1197,1200,1202,1202,1202,1171,1175,1196,1202,1201,1201,1204,1201,1204,1211,1215,1197,1198,1200,1206,1209,1216,1215,1220,1220,1234,1232,1240,1237,1233,1236,1229,1226,1228,1225,1232,1226,1244,1252,1252,1262,1273,1270,1270,1286,1301,1286,1317,1345,1385,1388,1430,1486,1478,1508,1506,1503
394425,"Buffalo, NY",47,850,780,820,837,840,847,860,842,855,866,856,857,862,872,884,888,911,883,896,906,908,899,903,905,912,902,912,920,926,928,924,931,931,933,929,932,950,956,955,953,956,963,964,962,955,958,964,971,969,976,981,984,995,997,997,997,991,991,997,1001,1006,1014,1023,1023,1030,1028,1028,1024,1020,1028,1028,1030,1042,1052,1064,1055,1057,1066,1068,1079,1074,1077,1079,1082,1095,1107,1104,1121,1132,1144,1161,1176,1184,1187,1174,1191,1189,1215,1223,1232
395012,"Raleigh, NC",48,1124,1120,1114,1127,1134,1144,1152,1154,1152,1148,1144,1140,1149,1155,1164,1171,1180,1188,1197,1198,1199,1194,1190,1182,1188,1195,1208,1217,1224,1232,1235,1239,1241,1239,1234,1228,1229,1235,1242,1251,1261,1272,1274,1272,1272,1270,1266,1266,1265,1270,1278,1288,1296,1304,1310,1315,1314,1308,1309,1307,1311,1323,1333,1338,1351,1363,1368,1369,1370,1368,1363,1368,1374,1371,1379,1371,1364,1373,1378,1383,1389,1389,1396,1398,1404,1409,1426,1449,1483,1520,1569,1606,1624,1639,1648,1658,1670,1681,1694,1706
394388,"Birmingham, AL",49,932,940,938,937,937,944,946,958,955,952,946,952,954,959,960,966,966,968,973,974,977,975,978,977,977,986,981,995,987,988,992,988,993,998,988,989,993,993,997,1001,1004,1006,1014,1008,1025,1015,1017,1022,1021,1016,1025,1032,1037,1042,1034,1043,1041,1050,1052,1056,1065,1069,1076,1073,1077,1080,1083,1084,1092,1089,1088,1088,1088,1095,1117,1116,1109,1105,1119,1123,1139,1131,1142,1150,1154,1156,1161,1168,1181,1194,1224,1237,1241,1251,1272,1276,1281,1281,1293,1302
395053,"Salt Lake City, UT",50,,980,985,985,999,1008,1015,1015,1003,1012,1006,1010,1016,1018,1021,1035,1040,1053,1054,1045,1054,1055,1057,1066,1068,1071,1080,1086,1091,1096,1096,1110,1114,1112,1115,1110,1111,1123,1131,1142,1153,1163,1161,1172,1180,1177,1164,1154,1166,1192,1200,1201,1212,1215,1227,1231,1238,1236,1231,1240,1244,1246,1254,1268,1275,1279,1289,1291,1294,1288,1286,1281,1288,1289,1301,1290,1285,1292,1297,1302,1313,1314,1308,1311,1318,1329,1351,1382,1423,1455,1476,1492,1508,1537,1549,1567,1575,1599,1624,1646
395031,"Rochester, NY",51,,939,916,932,947,941,958,971,973,971,956,971,963,976,982,970,981,985,992,989,1005,1001,999,1001,1008,996,1000,1000,1010,1021,1017,1017,1021,1021,1010,1013,1016,1032,1028,1033,1041,1043,1047,1051,1048,1045,1042,1049,1059,1070,1065,1068,1074,1082,1081,1086,1081,1077,1074,1071,1080,1086,1088,1097,1108,1114,1115,1103,1098,1089,1098,1100,1109,1113,1123,1124,1120,1121,1135,1136,1139,1140,1152,1161,1176,1196,1208,1225,1245,1258,1274,1283,1278,1280,1280,1296,1276,1299,1328,1342
394640,"Grand Rapids, MI",52,764,793,787,805,840,843,848,852,852,844,849,841,845,853,860,881,894,910,914,910,915,913,920,918,924,927,943,964,980,988,997,991,993,989,991,992,989,1005,1006,1012,1040,1053,1056,1053,1053,1046,1048,1039,1040,1049,1063,1080,1090,1098,1100,1103,1100,1097,1098,1098,1103,1106,1111,1122,1147,1151,1152,1146,1145,1151,1157,1148,1151,1159,1165,1172,1179,1191,1195,1189,1197,1205,1209,1214,1208,1218,1242,1256,1275,1297,1342,1357,1347,1321,1350,1372,1367,1379,1392,1418
395167,"Tucson, AZ",53,961,973,973,973,977,980,983,981,980,978,982,977,979,983,985,991,991,997,1003,998,998,1004,993,998,1004,1010,1014,1020,1034,1023,1025,1030,1031,1033,1030,1038,1040,1049,1058,1066,1075,1075,1076,1080,1081,1083,1085,1090,1093,1103,1104,1120,1124,1135,1142,1148,1148,1154,1160,1168,1170,1176,1183,1188,1198,1200,1207,1221,1215,1216,1228,1235,1245,1252,1250,1242,1246,1253,1264,1282,1299,1326,1331,1331,1336,1357,1380,1406,1425,1450,1471,1523,1542,1573,1584,1601,1602,1633,1645,1632
753924,"Urban Honolulu, HI",54,1928,1961,1957,1948,1993,2016,2001,2024,2074,2081,2097,2134,2136,2127,2135,2130,2140,2141,2146,2166,2172,2165,2174,2178,2182,2161,2175,2181,2177,2189,2202,2202,2199,2186,2202,2194,2195,2198,2207,2223,2222,2211,2216,2222,2220,2221,2222,2220,2220,2234,2241,2241,2248,2261,2259,2261,2257,2255,2257,2257,2264,2267,2287,2296,2289,2282,2301,2300,2302,2307,2297,2296,2304,2324,2309,2295,2288,2281,2279,2284,2282,2266,2295,2308,2320,2353,2364,2408,2441,2408,2462,2489,2507,2529,2516,2548,2509,2528,2576,2584
395169,"Tulsa, OK",55,927,945,936,929,941,945,961,960,952,958,961,963,952,965,963,963,985,979,981,1002,988,984,986,982,982,970,980,981,989,991,995,995,985,1015,1008,1007,994,990,993,997,999,1006,1003,1001,996,999,1003,996,1004,1009,1005,1004,1010,1017,1019,1021,1021,1021,1016,1012,1020,1023,1019,1020,1143,,1072,1056,1051,1056,1057,1051,1056,1059,1064,1057,1050,1060,1074,1090,1091,1111,1122,1124,1116,1119,1139,1156,1172,1186,1220,1241,1249,1214,1272,1298,1293,1290,1298,1291
394619,"Fresno, CA",56,1175,1205,1195,1199,1223,1213,1205,1209,1213,1216,1223,1224,1227,1231,1229,1240,1244,1249,1248,1241,1242,1252,1257,1259,1266,1276,1280,1283,1287,1297,1302,1305,1308,1298,1308,1312,1307,1315,1326,1333,1352,1363,1373,1376,1375,1381,1378,1393,1380,1391,1398,1414,1426,1429,1440,1441,1455,1459,1454,1477,1473,1487,1489,1500,1503,1515,1529,1530,1538,1545,1537,1555,1570,1581,1575,1560,1562,1572,1574,1593,1609,1621,1643,1653,1674,1701,1738,1779,1812,1852,1912,1943,1940,1931,1955,1942,1949,1957,1974,1992
395238,"Worcester, MA",57,1075,1055,1071,1069,1081,1086,1095,1098,1108,1104,1106,1107,1106,1111,1118,1123,1128,1140,1143,1144,1143,1145,1148,1158,1158,1162,1167,1175,1191,1198,1201,1203,1205,1209,1206,1217,1217,1233,1234,1246,1255,1260,1255,1259,1260,1264,1262,1270,1281,1283,1297,1300,1302,1317,1338,1336,1346,1342,1339,1344,1346,1359,1361,1375,1383,1382,1396,1392,1403,1405,1412,1419,1430,1436,1427,1435,1423,1437,1447,1448,1462,1465,1466,1476,1470,1478,1489,1515,1551,1566,1586,1607,1613,1625,1663,1656,1651,1689,1717,1743
394415,"Stamford, CT",58,1753,1768,1773,1801,1848,1888,1891,1879,1870,1868,1862,1891,1895,1885,1894,1901,1921,1920,1934,1927,1931,1916,1902,1912,1935,1925,1936,1930,1950,1955,1956,1954,1950,1953,1936,1931,1941,1980,1969,1978,1996,1988,1990,1993,1986,1988,1984,1973,1987,1985,2004,2020,2030,2047,2048,2045,2046,2036,2036,2038,2048,2055,2054,2071,2080,2090,2093,2102,2115,2109,2086,2085,2079,2105,2114,2121,2128,2140,2154,2163,2185,2204,2197,2186,2198,2217,2240,2288,2331,2365,2390,2410,2408,2400,2426,2404,2423,2441,2488,2528
394312,"Albuquerque, NM",59,928,928,932,931,938,939,945,949,944,943,942,940,943,941,949,957,962,965,968,972,970,968,963,964,962,967,973,982,984,991,996,999,996,997,992,986,986,998,1000,1005,1009,1016,1017,1019,1013,1011,1014,1013,1017,1021,1029,1034,1039,1044,1049,1054,1050,1050,1048,1054,1054,1058,1064,1069,1079,1089,1099,1102,1105,1103,1100,1100,1105,1115,1118,1113,1106,1128,1148,1159,1177,1182,1185,1183,1188,1201,1218,1243,1265,1299,1336,1379,1390,1389,1401,1418,1407,1426,1435,1450
394308,"Albany, NY",60,1056,1086,1057,1091,1094,1092,1111,1133,1129,1136,1123,1134,1143,1139,1141,1138,1139,1145,1142,1139,1127,1147,1143,1138,1148,1148,1172,1171,1173,1173,1169,1173,1181,1177,1178,1211,1201,1203,1191,1201,1204,1207,1201,1199,1197,1183,1203,1192,1213,1223,1233,1231,1233,1229,1227,1229,1240,1240,1220,1244,1250,1238,1247,1242,1257,1255,1267,1266,1258,1265,1268,1277,1286,1279,1287,1317,1293,1290,1289,1291,1309,1322,1314,1316,1316,1293,1317,1355,1382,1392,1416,1410,1427,1428,1435,1445,1433,1450,1475,1465
394938,"Omaha, NE",61,834,798,825,828,839,841,852,848,852,853,852,859,858,867,883,891,881,886,886,886,884,880,880,886,890,891,897,900,906,910,913,918,920,919,918,924,921,925,927,933,941,935,948,946,943,940,938,941,938,947,944,952,961,963,963,965,967,968,967,967,973,975,976,981,991,1001,1002,1001,998,1002,1004,1007,1009,1013,1026,1028,1035,1040,1046,1052,1048,1044,1043,1047,1047,1054,1063,1070,1088,1114,1127,1132,1134,1140,1145,1148,1144,1158,1170,1193
394908,"New Haven, CT",62,1307,1326,1325,1339,1356,1367,1378,1368,1367,1356,1375,1378,1383,1383,1394,1403,1409,1404,1408,1405,1400,1395,1405,1386,1398,1419,1419,1439,1446,1448,1445,1438,1435,1429,1427,1429,1436,1438,1446,1462,1466,1471,1469,1479,1467,1463,1471,1475,1473,1480,1486,1499,1504,1504,1507,1505,1516,1505,1506,1517,1523,1524,1537,1546,1548,1540,1540,1541,1536,1552,1562,1565,1565,1580,1583,1585,1586,1592,1585,1591,1599,1623,1636,1632,1637,1637,1656,1662,1697,1746,1788,1791,1795,1821,1856,1851,1831,1839,1863,1903
394357,"Bakersfield, CA",63,1067,1023,1043,1048,1059,1082,1077,1080,1079,1074,1078,1080,1075,1087,1097,1101,1100,1101,1101,1101,1103,1098,1097,1097,1093,1106,1098,1110,1110,1118,1126,1128,1129,1127,1128,1134,1131,1136,1145,1149,1153,1155,1160,1161,1166,1149,1157,1165,1177,1179,1184,1194,1200,1203,1206,1209,1213,1218,1220,1220,1236,1238,1259,1266,1268,1273,1272,1276,1281,1287,1290,1289,1300,1316,1302,1315,1314,1332,1356,1386,1383,1397,1400,1392,1427,1432,1440,1463,1479,1493,1526,1534,1587,1582,1623,1652,1670,1702,1711,1707
394753,"Knoxville, TN",64,919,939,935,941,944,945,945,951,941,944,943,944,959,961,976,983,986,971,975,975,962,954,951,955,954,975,979,990,1006,1012,1014,1017,1005,993,1000,1005,1004,1023,1028,1035,1040,1040,1049,1049,1051,1051,1051,1040,1055,1060,1067,1068,1085,1088,1096,1093,1103,1100,1099,1105,1122,1122,1136,1139,1145,1163,1157,1161,1162,1166,1165,1177,1179,1187,1174,1173,1176,1188,1200,1218,1229,1246,1249,1256,1260,1277,1275,1291,1338,1379,1412,1446,1475,1481,1483,1507,1511,1528,1558,1601
394653,"Greenville, SC",65,973,1044,1027,1016,1008,995,998,1000,999,998,982,983,987,988,1011,1024,1034,1040,1036,1034,1036,1040,1043,1043,1051,1059,1073,1093,1097,1093,1089,1089,1095,1083,1070,1078,1071,1080,1093,1104,1115,1120,1120,1122,1114,1106,1108,1107,1118,1125,1131,1145,1147,1154,1157,1154,1162,1160,1160,1159,1160,1169,1174,1180,1193,1196,1201,1193,1203,1196,1200,1201,1199,1214,1227,1219,1210,1209,1204,1214,1218,1218,1225,1234,1245,1243,1262,1278,1303,1333,1373,1393,1392,1411,1419,1413,1415,1421,1439,1453
394952,"Ventura, CA",66,1902,1906,1875,1895,1912,1923,1946,1955,1965,1958,1973,1976,1981,1977,2002,2031,2043,2043,2056,2064,2069,2067,2068,2055,2063,2070,2098,2105,2116,2136,2154,2157,2158,2170,2181,2165,2175,2192,2218,2223,2234,2227,2235,2242,2255,2242,2247,2267,2273,2300,2306,2295,2318,2333,2341,2359,2347,2369,2376,2378,2373,2385,2405,2379,2402,2420,2421,2422,2419,2423,2429,2444,2456,2461,2456,2416,2427,2437,2450,2470,2483,2494,2520,2569,2579,2560,2607,2672,2691,2743,2775,2793,2862,2882,2889,2934,2928,2958,2992,3014
394318,"Allentown, PA",67,1156,1181,1167,1173,1186,1200,1196,1196,1200,1199,1189,1194,1185,1187,1196,1212,1211,1216,1216,1222,1214,1220,1214,1223,1224,1223,1236,1239,1242,1247,1256,1248,1254,1257,1254,1246,1247,1256,1274,1279,1279,1285,1282,1294,1298,1297,1287,1283,1285,1295,1299,1312,1319,1321,1333,1331,1337,1324,1334,1340,1330,1347,1353,1359,1371,1372,1381,1383,1391,1381,1381,1381,1387,1394,1390,1390,1399,1407,1414,1427,1446,1466,1479,1481,1501,1505,1534,1552,1581,1623,1650,1666,1673,1689,1706,1733,1760,1768,1779,1793
394561,"El Paso, TX",68,1024,1034,1031,1037,1037,1039,1034,1045,1034,1035,1032,1036,1035,1037,1036,1039,1042,1043,1044,1045,1041,1035,1031,1036,1036,1045,1043,1045,1044,1047,1048,1044,1042,1038,1045,1060,1047,1048,1050,1048,1047,1051,1052,1051,1050,1046,1046,1048,1048,1046,1050,1064,1063,1067,1070,1070,1061,1061,1065,1073,1071,1062,1071,1079,1085,1085,1089,1096,1102,1099,1100,1104,1110,1113,1114,1124,1129,1134,1146,1153,1155,1163,1181,1176,1176,1188,1198,1210,1232,1214,1250,1283,1289,1302,1300,1320,1330,1373,1343,1382
394367,"Baton Rouge, LA",69,1078,1091,1102,1078,1081,1076,1088,1096,1096,1100,1082,1077,1085,1099,1107,1144,1130,1116,1117,1106,1110,1107,1097,1105,1123,1119,1143,1139,1136,1147,1141,1139,1153,1159,1172,1172,1174,1174,1177,1175,1167,1167,1155,1150,1152,1160,1155,1164,1150,1155,1156,1168,1171,1166,1165,1162,1166,1167,1158,1152,1155,1152,1156,1163,1171,1173,1166,1165,1167,1162,1158,1141,1150,1146,1154,1156,1162,1162,1168,1178,1185,1177,1176,1175,1186,1189,1190,1207,1205,1222,1243,1256,1285,1290,1282,1294,1303,1312,1317,1328
394521,"Dayton, OH",70,825,820,820,815,826,834,835,845,847,840,845,839,839,841,841,848,853,858,863,865,860,859,865,867,870,878,886,888,893,893,891,892,890,888,901,895,898,896,900,904,914,918,925,928,928,928,931,937,933,934,946,937,953,953,964,961,961,960,956,965,967,970,976,982,987,985,1001,1004,1002,1010,1019,1017,1015,1021,1029,1020,1030,1036,1043,1050,1051,1056,1063,1069,1065,1078,1097,1095,1098,1117,1148,1161,1185,1190,1192,1186,1195,1211,1219,1206
394843,"McAllen, TX",71,770,866,,813,812,823,818,835,841,843,842,829,840,829,848,847,844,846,844,848,854,845,847,856,861,864,850,856,855,856,863,848,856,878,865,859,858,881,869,865,859,860,867,868,871,875,895,881,872,887,880,880,877,875,872,878,879,887,887,890,894,891,890,886,892,886,893,907,901,901,906,904,904,901,906,909,907,912,918,924,919,931,932,931,940,950,953,968,979,978,998,1001,1019,1032,1033,1035,1031,1054,1031,1051
394486,"Columbia, SC",72,,968,934,954,963,969,974,974,973,971,977,982,973,962,970,974,982,991,1000,999,993,990,989,987,1002,994,1006,1002,1009,1008,1016,1022,1018,1019,1028,1019,1018,1023,1034,1033,1036,1043,1043,1046,1040,1046,1050,1049,1044,1057,1059,1069,1072,1075,1081,1085,1085,1086,1089,1087,1092,1101,1105,1118,1124,1131,1133,1131,1127,1126,1128,1125,1132,1141,1153,1149,1159,1166,1177,1173,1181,1188,1193,1193,1210,1215,1237,1248,1263,1297,1317,1337,1357,1369,1393,1393,1376,1380,1403,1413
394648,"Greensboro, NC",73,915,949,935,935,932,929,939,937,932,934,931,932,934,934,945,957,962,961,967,966,962,951,939,944,959,959,952,965,973,972,980,984,984,970,984,985,1015,1003,1002,1006,1010,1018,1020,1019,1022,1019,1009,1015,1021,1034,1036,1040,1039,1039,1049,1056,1057,1059,1053,1059,1068,1075,1080,1087,1101,1101,1107,1109,1108,1111,1117,1113,1121,1128,1129,1134,1146,1147,1159,1161,1159,1179,1187,1197,1199,1223,1234,1245,1257,1285,1306,1324,1338,1369,1394,1401,1401,1427,1433,1448
394304,"Akron, OH",74,823,793,790,806,817,836,816,825,832,836,830,838,843,840,850,855,854,865,863,862,857,860,866,868,871,868,865,869,873,879,879,877,879,883,888,882,877,876,884,891,900,897,898,894,898,893,892,890,894,893,905,912,913,915,920,912,910,911,912,916,922,927,935,927,932,941,930,940,946,946,957,952,962,954,961,962,970,976,978,983,977,984,988,980,1015,1024,1021,1049,1060,1069,1084,1090,1084,1082,1107,1103,1081,1117,1136,1162
753906,"North Port-Sarasota-Bradenton, FL",75,1219,1268,1256,1272,1271,1271,1287,1298,1301,1309,1324,1353,1359,1360,1358,1362,1360,1377,1384,1391,1394,1409,1419,1424,1442,1441,1458,1439,1426,1426,1431,1429,1441,1448,1473,1475,1481,1480,1491,1491,1478,1480,1474,1482,1490,1503,1508,1524,1527,1529,1532,1521,1524,1530,1541,1546,1560,1559,1572,1583,1591,1587,1580,1579,1583,1581,1600,1617,1614,1626,1642,1648,1653,1640,1627,1624,1608,1613,1633,1639,1649,1695,1713,1753,1745,1744,1756,1781,1833,1914,2003,2088,2138,2190,2259,2352,2340,2295,2280,2331
394798,"Little Rock, AR",76,800,820,799,807,807,809,815,821,823,817,810,812,809,818,822,823,834,834,830,825,826,829,823,824,828,833,832,831,832,835,838,840,827,832,835,841,841,843,848,847,846,847,847,850,852,848,852,849,850,855,854,856,853,851,857,859,864,866,867,865,862,867,875,876,879,885,889,883,882,883,884,887,892,894,895,897,900,909,927,931,931,932,935,938,945,952,958,974,977,994,1018,1042,1048,1043,1053,1058,1046,1054,1061,1059
395134,"Stockton, CA",77,1249,1270,1259,1261,1275,1270,1287,1295,1312,1337,1320,1320,1312,1321,1340,1348,1360,1373,1373,1423,1419,1421,1412,1419,1421,1457,1463,1469,1476,1498,1507,1505,1532,1536,1526,1550,1559,1567,1573,1598,1607,1616,1637,1654,1663,1665,1653,1662,1670,1675,1687,1693,1710,1719,1747,1755,1759,1756,1762,1764,1766,1767,1778,1799,1807,1819,1836,1845,1842,1844,1838,1859,1894,1897,1896,1893,1899,1903,1929,1960,1962,1981,1981,2023,2040,2070,2103,2134,2205,2250,2276,2289,2304,2302,2267,2291,2303,2342,2346,2394
394457,"Charleston, SC",78,1095,1130,1122,1163,1153,1150,1156,1158,1161,1156,1163,1163,1176,1194,1198,1204,1209,1218,1228,1221,1203,1214,1208,1210,1210,1234,1249,1258,1261,1276,1286,1278,1280,1280,1279,1279,1284,1287,1300,1310,1320,1329,1335,1333,1341,1338,1340,1331,1332,1344,1349,1359,1366,1376,1380,1382,1390,1389,1384,1377,1381,1390,1399,1407,1417,1426,1429,1424,1426,1431,1425,1429,1451,1450,1447,1445,1430,1433,1447,1452,1458,1449,1445,1462,1477,1470,1497,1522,1554,1590,1642,1698,1707,1722,1743,1745,1732,1740,1751,1793
395143,"Syracuse, NY",79,919,910,923,935,950,955,973,988,982,969,946,945,956,947,972,970,999,1009,1004,999,992,987,990,1006,1009,1009,1015,1039,1043,1038,1005,1016,1017,1010,1036,1035,1036,1037,1037,1032,1049,1049,1046,1055,1044,1059,1083,1089,1080,1084,1066,1064,1078,1068,1066,1079,1063,1062,1063,1097,1084,1060,1071,1083,1085,1117,1101,1102,1103,1119,1116,1107,1125,1124,1113,1122,1154,1140,1148,1158,1156,1157,1170,1165,1179,1169,1188,1224,1227,1256,1268,1277,,1358,1318,1364,1304,1312,1350,1365
394484,"Colorado Springs, CO",80,1016,1025,1033,1036,1045,1054,1059,1061,1061,1066,1068,1071,1073,1077,1080,1085,1094,1108,1114,1120,1117,1122,1123,1133,1134,1134,1147,1162,1171,1183,1186,1199,1204,1206,1206,1206,1217,1220,1231,1241,1250,1260,1265,1273,1273,1271,1278,1286,1293,1308,1314,1323,1328,1329,1337,1340,1339,1338,1339,1343,1352,1373,1382,1385,1393,1402,1407,1415,1416,1423,1421,1427,1439,1441,1446,1445,1444,1454,1467,1481,1494,1498,1507,1506,1515,1538,1558,1584,1614,1649,1694,1714,1717,1718,1726,1735,1737,1752,1772,1786
395235,"Winston-Salem, NC",81,1053,1046,1048,1032,1032,1032,1037,1033,1034,1023,1031,1034,1037,1042,1051,1050,1055,1062,1065,1071,1069,1069,1066,1061,1064,1072,1089,1091,1094,1087,1097,1096,1096,1091,1096,1091,1097,1101,1113,1121,1129,1135,1130,1133,1139,1140,1138,1134,1146,1148,1158,1170,1172,1173,1177,1181,1187,1185,1189,1192,1200,1208,1218,1226,1235,1242,1252,1247,1246,1250,1245,1243,1267,1270,1273,1270,1276,1292,1298,1314,1324,1330,1343,1331,1353,1358,1381,1402,1433,1471,1492,1512,1524,1537,1558,1537,1558,1594,1595,1607
395224,"Wichita, KS",82,,704,738,728,755,758,763,760,781,781,775,766,764,765,765,774,761,764,768,763,769,768,761,770,768,769,773,780,778,787,781,775,770,771,773,771,769,771,775,780,778,784,785,783,783,777,778,778,783,783,784,786,792,793,791,792,790,802,793,792,787,791,795,799,802,805,810,813,811,809,812,809,813,814,821,821,824,830,835,840,844,841,840,839,838,849,853,866,875,893,885,898,904,912,913,916,915,925,938,937
395115,"Springfield, MA",83,1056,1060,1042,1046,1066,1079,1083,1102,1088,1067,1079,1081,1083,1082,1081,1096,1094,1108,1111,1116,1115,1110,1109,1107,1109,1117,1129,1132,1153,1147,1161,1154,1153,1162,1150,1138,1133,1136,1146,1165,1167,1179,1174,1174,1192,1181,1180,1176,1180,1185,1196,1194,1201,1210,1234,1236,1238,1234,1237,1211,1220,1226,1239,1244,1248,1261,1264,1264,1251,1261,1257,1259,1275,1285,1281,1277,1287,1294,1299,1282,1295,1314,1297,1308,1322,1370,1378,1373,1378,1373,1400,1393,1383,1398,1425,1428,1438,1452,1462,1507
394440,"Fort Myers, FL",84,1017,1006,1011,1015,1027,1031,1043,1053,1073,1084,1093,1103,1102,1108,1122,1147,1158,1163,1169,1195,1212,1213,1227,1229,1237,1236,1258,1248,1251,1264,1271,1275,1271,1280,1291,1295,1307,1304,1307,1307,1306,1308,1308,1312,1318,1326,1338,1349,1360,1359,1352,1348,1354,1359,1364,1378,1380,1385,1394,1402,1408,1401,1398,1404,1408,1417,1418,1421,1432,1438,1439,1442,1452,1465,1460,1446,1444,1449,1465,1475,1498,1509,1527,1530,1527,1535,1546,1566,1606,1664,1732,1802,1874,1914,1968,2004,2019,2027,2052,2073
394399,"Boise City, ID",85,886,901,907,912,924,934,943,947,945,943,939,929,935,943,958,962,974,982,989,993,995,999,995,991,997,1005,1017,1030,1038,1050,1061,1069,1068,1069,1058,1058,1063,1069,1085,1107,1113,1124,1135,1142,1145,1145,1141,1145,1144,1158,1167,1167,1189,1212,1229,1233,1239,1231,1239,1240,1242,1249,1267,1278,1298,1317,1320,1322,1326,1321,1312,1314,1328,1330,1348,1341,1350,1359,1380,1394,1411,1419,1439,1462,1478,1510,1552,1589,1640,1689,1728,1750,1745,1721,1732,1728,1759,1763,1790,1826
395160,"Toledo, OH",86,858,844,881,867,855,854,873,842,861,855,852,846,859,872,874,936,903,883,881,857,870,877,878,872,879,878,913,891,896,903,909,910,911,910,905,910,906,896,901,918,918,924,923,923,920,925,933,927,933,924,927,958,952,947,944,936,940,944,931,946,943,943,944,956,962,965,964,969,964,962,954,941,943,958,961,972,985,994,998,996,1002,989,984,1000,1004,1012,1025,1048,1097,1103,1111,1129,1129,1124,1123,1134,1123,1136,1158,1175
394816,"Madison, WI",87,1062,1033,1036,1032,1036,1045,1048,1053,1046,1061,1057,1060,1054,1057,1068,1080,1073,1086,1088,1097,1088,1091,1099,1115,1100,1115,1103,1108,1126,1122,1131,1125,1117,1121,1132,1129,1126,1130,1135,1138,1144,1142,1143,1151,1139,1148,1152,1143,1153,1150,1156,1158,1166,1172,1171,1167,1169,1179,1181,1180,1182,1189,1194,1201,1200,1202,1203,1196,1197,1200,1206,1214,1227,1230,1231,1233,1223,1223,1234,1233,1235,1227,1237,1243,1248,1252,1263,1267,1270,1272,1289,1285,1299,1313,1311,1316,1321,1319,1333,1352
394766,"Lakeland, FL",88,975,1017,995,990,997,999,1030,1014,1012,1011,1011,1019,1022,1022,1027,1038,1043,1052,1056,1057,1042,1059,1068,1066,1066,1075,1065,1078,1097,1103,1106,1117,1120,1113,1120,1128,1128,1129,1134,1138,1152,1159,1156,1159,1163,1171,1187,1183,1170,1182,1203,1215,1228,1236,1244,1245,1253,1258,1260,1264,1268,1277,1288,1289,1294,1298,1308,1315,1318,1320,1324,1331,1334,1334,1340,1339,1353,1351,1360,1373,1379,1400,1405,1407,1414,1414,1437,1459,1493,1539,1575,1609,1659,1666,1693,1697,1705,1731,1778,1808
394931,"Ogden, UT",89,904,957,939,941,950,950,956,961,960,959,957,955,961,971,976,977,986,994,997,1003,1006,1008,1009,1011,1014,1022,1025,991,1022,1052,1055,1059,1063,1063,1071,1067,1084,1085,1092,1092,1097,1104,1109,1123,1125,1121,1123,1125,1129,1142,1155,1170,1165,1180,1187,1193,1186,1194,1202,1213,1214,1213,1231,1235,1245,1254,1255,1254,1252,1259,1260,1271,1271,1297,1291,1281,1292,1300,1309,1310,1302,1320,1344,1339,1359,1378,1389,1414,1455,1481,1526,1520,1536,1559,1562,1587,1596,1620,1623,1658
394528,"Daytona Beach, FL",90,940,940,948,949,953,955,968,976,954,975,989,994,1005,1001,1009,1016,1015,1021,1039,1042,1045,1065,1062,1043,1060,1062,1070,1078,1096,1097,1103,1121,1117,1130,1136,1128,1133,1131,1118,1133,1151,1158,1171,1177,1171,1180,1189,1187,1191,1201,1214,1217,1232,1233,1239,1249,1249,1252,1258,1267,1267,1279,1290,1287,1293,1292,1299,1306,1312,1317,1317,1322,1328,1331,1343,1337,1329,1338,1349,1356,1372,1383,1389,1404,1411,1425,1447,1467,1478,1499,1558,1563,1599,1619,1653,1675,1697,1736,1768,1788
394531,"Des Moines, IA",91,937,905,927,956,959,957,969,956,955,977,989,971,971,971,988,987,984,988,984,976,962,968,965,956,950,948,967,975,983,992,993,994,982,987,992,982,987,985,998,999,1007,1009,1020,1012,1002,1003,992,994,980,990,1000,1009,1014,1022,1035,1029,1021,1016,1009,1013,1017,1008,1008,1021,1030,1036,1045,1043,1044,1041,1042,1036,1036,1040,1045,1030,1037,1047,1058,1065,1064,1065,1065,1057,1057,1057,1078,1077,1086,1093,1101,1110,1120,1124,1121,1125,1125,1137,1139,1152
394711,"Jackson, MS",92,1052,1025,1031,1020,1032,1040,1033,1031,1031,1038,1038,1038,1025,1037,1044,1052,1049,1016,1036,1045,1050,1051,1058,1055,1061,1101,1084,1073,1067,1075,1071,1071,1068,1065,1061,1078,1082,1079,1075,1079,1079,1084,1085,1082,1086,1083,1078,1081,1086,1092,1100,1098,1099,1075,1087,1092,1095,1097,1107,1098,1105,1107,1108,1102,1107,1113,1114,1112,1101,1109,1122,1129,1136,1128,1143,1141,1139,1132,1132,1147,1151,1157,1161,1158,1157,1162,1176,1189,1210,1235,1254,1244,1238,1244,1251,1251,1255,1271,1296,1297
395245,"Youngstown, OH",93,600,621,600,605,617,608,595,604,615,625,623,612,615,617,626,626,626,601,601,613,619,624,626,631,630,624,628,609,619,627,631,637,636,642,639,633,641,638,643,642,644,650,650,661,651,649,653,645,647,651,657,652,658,662,663,684,681,679,672,681,677,677,681,675,676,680,683,682,676,684,688,684,692,705,706,709,713,707,713,704,726,718,736,725,745,757,756,767,768,792,795,836,809,818,828,847,870,861,859,853
394352,"Augusta, GA",94,913,948,933,922,921,918,915,911,913,923,923,923,922,918,919,925,935,948,947,940,942,943,944,942,936,948,949,952,958,964,965,961,963,969,961,962,958,957,969,975,981,982,983,987,989,993,994,993,997,990,1007,1007,1014,1019,1014,1015,1018,1023,1018,1022,1025,1030,1037,1050,1059,1063,1059,1067,1067,1066,1066,1066,1068,1074,1081,1087,1092,1100,1120,1130,1141,1141,1155,1160,1165,1155,1163,1192,1206,1234,1261,1275,1276,1293,1302,1302,1306,1336,1349,1334
395075,"Scranton, PA",95,810,836,832,831,843,868,870,858,857,858,859,847,845,841,848,852,851,848,859,856,862,870,871,867,829,844,872,908,887,865,870,882,880,894,885,874,885,888,915,904,895,891,888,895,900,893,901,920,877,896,909,912,907,915,909,918,914,934,929,922,924,929,924,933,937,956,951,956,956,965,976,971,958,965,970,958,975,978,979,981,1001,1010,1014,1038,1037,1029,1032,1059,1081,1099,1117,1132,1158,1155,1162,1141,1150,1160,1180,1207
394666,"Harrisburg, PA",96,993,1006,986,973,972,967,965,938,953,936,959,965,962,971,985,991,990,983,980,982,984,985,975,986,987,977,985,1002,1011,1016,1026,1010,1010,1005,1017,1003,1007,1007,1007,1024,1027,1023,1027,1026,1022,1030,1020,1023,1022,1019,1030,1039,1048,1050,1052,1058,1064,1069,1079,1077,1081,1080,1089,1092,1094,1098,1101,1105,1113,1115,1113,1101,1112,1113,1106,1102,1096,1114,1120,1137,1134,1138,1140,1144,1160,1167,1165,1189,1211,1246,1259,1279,1304,,1289,1306,1318,1327,1342,1357
394957,"Melbourne, FL",97,940,963,949,954,959,967,980,967,979,982,987,997,1006,1010,1016,1025,1023,1034,1047,1068,1067,1066,1074,1084,1090,1099,1099,1106,1108,1127,1128,1135,1147,1150,1162,1170,1172,1181,1191,1188,1192,1204,1212,1217,1228,1238,1240,1241,1253,1257,1264,1277,1291,1298,1302,1312,1313,1308,1321,1323,1328,1332,1342,1343,1349,1351,1353,1359,1366,1366,1371,1382,1386,1416,1419,1405,1395,1401,1408,1426,1434,1435,1450,1460,1480,1487,1505,1536,1570,1595,1644,1697,1739,1747,1780,1794,1816,1822,1858,1881
395113,"Spokane, WA",99,928,1007,977,938,940,932,918,918,895,905,910,891,915,920,915,953,952,954,951,951,954,952,971,980,984,985,999,1000,992,999,990,992,1012,1009,1003,1007,1003,1019,1026,997,1028,1043,1053,1048,1056,1061,1065,1041,1054,1060,1077,1085,1101,1114,1099,1117,1114,1115,1116,1110,1114,1117,1132,1146,1162,1170,1175,1168,1179,1180,1155,1145,1163,1181,1203,1198,1204,1203,1219,1226,1255,1263,1250,1254,1265,1299,1312,1355,1424,1465,1497,1512,1504,1502,1498,1481,1418,1470,1515,1530
395006,"Provo, UT",100,971,997,992,984,994,1023,1025,1009,1022,1028,1020,1027,1034,1033,1054,1039,1047,1062,1066,1052,1069,1077,1081,1079,1100,1084,1090,1092,1102,1133,1132,1135,1131,1137,1141,1129,1132,1147,1148,1150,1170,1175,1184,1190,1175,1174,1180,1185,1199,1202,1200,1219,1219,1234,1246,1248,1241,1242,1239,1243,1256,1254,1257,1258,1282,1288,1290,1297,1298,1285,1285,1284,1286,1288,1292,1295,1304,1316,1329,1330,1316,1346,1356,1360,1386,1396,1413,1428,1453,1476,1515,1534,1548,1608,1600,1599,1608,1631,1644,1665
394549,"Durham, NC",104,1081,1049,1076,1103,1116,1113,1125,1119,1122,1118,1104,1117,1116,1115,1129,1133,1141,1144,1162,1159,1152,1149,1145,1150,1163,1168,1175,1191,1184,1194,1199,1195,1197,1226,1218,1210,1210,1210,1215,1225,1233,1229,1240,1243,1233,1241,1246,1240,1232,1229,1243,1254,1270,1275,1273,1274,1276,1281,1285,1284,1288,1290,1301,1306,1323,1333,1341,1341,1340,1335,1342,1331,1332,1327,1336,1325,1344,1346,1344,1345,1348,1352,1351,1361,1375,1358,1343,1382,1419,1456,1486,1506,1533,1553,1561,1583,1581,1596,1606,1612
394995,"Port St. Lucie, FL",119,1115,1042,1094,1107,1138,1130,1151,1163,1169,1175,1180,1194,1205,1208,1152,1161,1202,1215,1224,1233,1253,1243,1262,1265,1277,1289,1291,1296,1312,1315,1322,1325,1336,1336,1336,1343,1355,1364,1358,1369,1370,1394,1400,1413,1413,1418,1426,1430,1429,1450,1453,1452,1474,1484,1504,1501,1502,1508,1508,1534,1529,1527,1522,1521,1520,1522,1541,1563,1559,1583,1594,1597,1601,1632,1608,1589,1588,1582,1603,1625,1664,1705,1713,1723,1724,1769,1755,1805,1843,1897,1943,1978,2044,2124,2220,2223,2261,2207,2236,2266
394746,"Killeen, TX",128,888,883,893,893,900,903,907,909,908,908,908,905,906,911,910,912,911,914,915,919,919,915,909,908,912,916,919,920,923,923,928,925,922,923,925,924,924,930,933,933,937,937,936,937,936,938,941,942,944,947,951,951,954,957,958,962,964,968,971,970,973,980,988,999,1004,1010,1014,1015,1013,1016,1016,1016,1020,1025,1022,1027,1036,1048,1061,1077,1092,1103,1114,1118,1119,1128,1138,1171,1197,1237,1274,1305,1315,1349,1357,1374,1364,1365,1377,1397
394602,"Fort Collins, CO",159,1196,1232,1220,1227,1231,1233,1243,1238,1270,1278,1256,1266,1271,1306,1312,1314,1326,1343,1351,1348,1344,1348,1337,1334,1329,1335,1355,1367,1385,1403,1405,1396,1381,1367,1359,1369,1360,1394,1399,1410,1408,1406,1413,1411,1412,1407,1411,1412,1387,1405,1432,1445,1459,1462,1462,1461,1452,1454,1444,1453,1455,1477,1489,1496,1497,1507,1506,1500,1500,1490,1490,1486,1503,1516,1525,1524,1526,1536,1537,1527,1514,1510,1513,1520,1515,1541,1565,1588,1607,1633,1656,1675,1676,1700,1700,1719,1717,1740,1752,1764
394405,"Boulder, CO",162,1408,1442,1409,1396,1410,1444,1458,1466,1486,1479,1454,1450,1482,1499,1527,1532,1542,1554,1561,1592,1614,1604,1579,1601,1613,1616,1633,1637,1643,1640,1648,1641,1647,1630,1639,1616,1618,1645,1650,1658,1661,1668,1679,1682,1677,1668,1679,1690,1696,1692,1699,1698,1718,1743,1759,1753,1746,1749,1738,1739,1750,1758,1769,1781,1797,1793,1798,1800,1794,1815,1808,1797,1799,1804,1826,1804,1798,1801,1810,1805,1814,1823,1818,1831,1845,1858,1878,1900,1921,1947,1973,2004,2008,2009,2015,2037,2063,2078,2115,2132
394483,"College Station, TX",192,1052,1099,1075,1089,1093,1103,1107,1111,1134,1108,1079,1109,1112,1127,1142,1155,1176,1193,1189,1177,1135,1140,1182,1191,1196,1209,1201,1210,1209,1235,1211,1184,1158,1189,1199,1226,1244,1244,1251,1248,1244,1235,1216,1193,1189,1193,1216,1216,1241,1247,1243,1237,1232,1227,1215,1185,1212,1235,1212,1238,1246,1253,1260,1254,1252,1239,1245,1249,1256,1264,1276,1276,1278,1281,1275,1280,1281,1274,1253,1242,1275,1303,1315,1319,1338,1316,1316,1319,1302,1311,1336,1359,1328,1347,1391,1406,1415,1430,1443,1450
394623,"Gainesville, GA",229,884,923,937,928,929,934,926,932,921,935,922,936,933,948,964,971,974,975,985,993,1009,997,1027,1002,1000,985,1009,1007,1007,1007,1043,1047,1075,1058,1063,1061,1062,1068,1055,1058,1079,1091,1112,1115,1109,1104,1101,1118,1124,1121,1126,1136,1133,1133,1141,1142,1153,1168,1164,1166,1180,1192,1199,1218,1208,1203,1209,1236,1243,1232,1235,1229,1238,1243,1233,1219,1215,1234,1227,1240,1273,1257,1272,1300,1302,1329,1318,1370,,1462,1497,1547,1523,1523,1552,1575,1587,1588,1600,1593
395098,"Sierra Vista, AZ",309,802,843,826,818,823,831,831,814,817,823,822,821,816,817,817,821,817,817,815,820,821,818,838,825,817,816,813,811,810,811,814,813,804,806,804,798,799,800,788,803,809,816,832,826,820,819,828,818,819,820,825,830,843,845,851,847,853,865,862,871,866,868,877,887,896,891,894,868,898,901,915,917,925,940,935,949,945,941,950,948,956,974,985,995,984,1010,1014,1006,1085,1110,1117,1089,1149,1207,1201,1183,1094,1137,,1283
395080,"Sebring, FL",382,571,616,,657,652,653,665,640,648,666,,670,688,697,722,703,699,712,725,712,734,755,752,783,768,662,,680,731,739,725,750,756,794,818,810,810,795,772,780,801,800,800,822,830,840,820,834,885,877,843,850,816,827,829,838,833,846,873,869,876,868,868,877,857,822,848,866,873,874,890,903,901,910,909,902,901,903,922,918,933,937,949,997,990,978,984,985,1007,1016,1029,1036,1086,1081,1119,1125,1132,1132,1149,1178
